name,nameLocalized,staticId,level,baseExp,jobExp,maxHp,physicDefenseLevel,zeny
" ""MonsterName10001"""," ""波利""",-1,1,32,32,118,6,18
" ""MonsterName10002"""," ""绿棉虫""",10002,2,17,17,65,7,9
" ""MonsterName10003"""," ""虫蛹""",10003,3,18,18,72,8,9
" ""MonsterName10004"""," ""疯兔""",10004,4,19,19,80,10,9
" ""MonsterName10005"""," ""盗虫卵""",10005,13,28,28,242,12,13
" ""MonsterName10006"""," ""苍蝇""",10006,12,41,14,204,13,13
" ""MonsterName10007"""," ""树精""",10007,10,50,50,273,10,27
" ""MonsterName10008"""," ""罗达蛙""",10008,33,48,144,7686,57,48
" ""MonsterName10009"""," ""盗虫""",10009,15,23,38,328,19,13
" ""MonsterName10010"""," ""蝗虫""",10010,11,78,26,338,14,27
" ""MonsterName10011"""," ""小鸡""",10011,6,21,21,96,10,9
" ""MonsterName10012"""," ""土波利""",10012,7,33,55,211,11,18
" ""MonsterName10013"""," ""大嘴鸟蛋""",10013,5,20,20,88,8,9
" ""MonsterName10014"""," ""秃鹰""",10014,8,46,46,230,11,18
" ""MonsterName10015"""," ""小野猪""",10015,16,31,31,375,25,13
" ""MonsterName10016"""," ""沙漠幼狼""",10016,18,33,33,481,29,13
" ""MonsterName10017"""," ""大嘴鸟""",10017,43,275,92,43057,172,89
" ""MonsterName10018"""," ""摩卡""",10018,42,221,133,38193,105,89
" ""MonsterName10019"""," ""重金属蝗虫""",10019,44,158,95,32156,78,59
" ""MonsterName10020"""," ""毒蛇""",10020,45,65,195,35825,168,59
" ""MonsterName10021"""," ""蝎子""",10021,46,67,67,19860,90,30
" ""MonsterName10022"""," ""巨石怪""",10022,47,259,155,65777,193,89
" ""MonsterName10023"""," ""蚯蚓""",10023,49,146,146,53407,222,59
" ""MonsterName10024"""," ""沙漠之狼""",10024,50,113,188,58698,284,72
" ""MonsterName10025"""," ""伞蜥""",10025,54,166,166,105379,364,72
" ""MonsterName10026"""," ""泥人""",10026,100,-1,-1,1,-1,26
" ""MonsterName10027"""," ""蜂兵""",10027,22,37,37,752,38,18
" ""MonsterName10028"""," ""蜗牛""",10028,24,176,59,2934,31,55
" ""MonsterName10029"""," ""森灵""",10029,62,202,202,224568,520,86
" ""MonsterName10030"""," ""猎蝇""",10030,32,35,59,3497,67,24
" ""MonsterName10031"""," ""锹形虫""",10031,36,128,77,10080,84,48
" ""MonsterName10032"""," ""狂暴野猫""",10032,999,-1,-1,1,-1,26
" ""MonsterName10033"""," ""黑蛇""",10033,47,138,138,43851,193,59
" ""MonsterName10034"""," ""毕帝特地龙""",10034,79,304,304,683157,748,100
" ""MonsterName10035"""," ""毕帝特飞龙""",10035,80,349,581,1077550,923,174
" ""MonsterName10036"""," ""长老树精""",10036,66,339,339,431880,502,129
" ""MonsterName10037"""," ""转转蛋""",10037,70,125,375,361690,285,100
" ""MonsterName10038"""," ""大脚熊""",10038,63,234,390,359227,360,129
" ""MonsterName10039"""," ""野猪""",10039,44,142,236,48234,124,89
" ""MonsterName10040"""," ""魔锅蛋""",10040,48,89,53,24202,248,30
" ""MonsterName10041"""," ""土人""",10041,68,149,89,161719,643,43
" ""MonsterName10042"""," ""鬼火""",10042,71,128,128,221616,585,50
" ""MonsterName10043"""," ""将军魔碑""",10043,68,446,268,485157,643,129
" ""MonsterName10044"""," ""吸血蝙蝠""",10044,17,32,32,426,27,13
" ""MonsterName10045"""," ""魔菇""",10045,26,62,103,2509,54,37
" ""MonsterName10046"""," ""漂浮虫""",10046,21,45,27,674,24,18
" ""MonsterName10047"""," ""白鼠""",10047,23,29,48,853,35,18
" ""MonsterName10048"""," ""浮勒盗虫""",10048,19,68,68,1077,26,27
" ""MonsterName10049"""," ""玛勒盗虫""",10049,25,60,100,2224,33,37
" ""MonsterName10050"""," ""狼""",10050,64,268,161,255005,234,86
" ""MonsterName10051"""," ""曼陀罗魔花""",10051,14,44,73,567,20,27
" ""MonsterName10052"""," ""波波利""",10052,20,70,70,1201,33,37
" ""MonsterName10053"""," ""青蛇""",10053,63,104,312,239485,450,86
" ""MonsterName10054"""," ""克瑞米""",10054,27,63,21,1406,49,18
" ""MonsterName10055"""," ""瓢虫""",10055,31,46,46,3174,32,24
" ""MonsterName10056"""," ""绿苍蝇""",10056,29,55,33,1736,45,18
" ""MonsterName10057"""," ""松鼠""",10057,31,46,46,3174,51,24
" ""MonsterName10058"""," ""狸猫""",10058,32,71,24,3497,34,24
" ""MonsterName10059"""," ""刺猬虫""",10059,34,25,74,4212,75,24
" ""MonsterName10060"""," ""溜溜猴""",10060,37,78,26,5503,107,24
" ""MonsterName10061"""," ""邪骸海盗""",10061,39,108,108,13046,118,48
" ""MonsterName10062"""," ""邪骸食人鱼""",10062,106,-1,-1,1,-1,150
" ""MonsterName10063"""," ""毒魔菇""",10063,28,43,129,3132,42,37
" ""MonsterName10064"""," ""白幽灵""",10064,41,43,71,11210,60,30
" ""MonsterName10065"""," ""库克雷""",10065,35,50,50,4607,80,24
" ""MonsterName10066"""," ""海葵""",10066,36,64,38,5040,101,24
" ""MonsterName10067"""," ""贝壳魔灵""",10067,101,-1,-1,1,-1,66
" ""MonsterName10068"""," ""螃蟹""",10068,52,59,99,44246,216,36
" ""MonsterName10069"""," ""水母""",10069,53,61,101,48353,143,36
" ""MonsterName10070"""," ""突变蛙""",10070,999,-1,-1,1,-1,4
" ""MonsterName10071"""," ""卡那多斯""",10071,55,64,106,57265,256,36
" ""MonsterName10072"""," ""剑鱼""",10072,56,131,218,124173,405,72
" ""MonsterName10073"""," ""气泡虫""",10073,58,91,91,72001,185,36
" ""MonsterName10074"""," ""异变鱼""",10074,59,140,419,231134,309,108
" ""MonsterName10075"""," ""人鱼""",10075,61,147,245,210241,417,86
" ""MonsterName10076"""," ""乌贼""",10076,60,95,95,82302,201,43
" ""MonsterName10077"""," ""人鱼士兵""",10077,102,-1,-1,1,-1,150
" ""MonsterName10078"""," ""马克""",10078,67,116,116,152673,519,43
" ""MonsterName10079"""," ""狄奥斯""",10079,69,61,183,171107,443,43
" ""MonsterName10080"""," ""白蚁""",10080,50,75,75,29349,237,36
" ""MonsterName10081"""," ""工蚁""",10081,51,77,77,40360,126,36
" ""MonsterName10082"""," ""兵蚁""",10082,54,83,83,52690,303,36
" ""MonsterName10083"""," ""黑蚁""",10083,55,43,128,57265,384,36
" ""MonsterName10084"""," ""红蝙蝠""",10084,30,34,56,1915,71,24
" ""MonsterName10085"""," ""基尔瑟""",10085,38,53,53,5997,47,24
" ""MonsterName10086"""," ""卷甲虫""",10086,61,123,74,105121,333,43
" ""MonsterName10087"""," ""石斧海盗骷髅""",10087,38,106,106,11994,75,48
" ""MonsterName10088"""," ""腐尸""",10088,35,125,75,9213,96,48
" ""MonsterName10089"""," ""僵尸""",10089,66,226,226,287920,251,86
" ""MonsterName10090"""," ""妖道""",10090,67,232,232,305346,519,86
" ""MonsterName10091"""," ""鬼女""",10091,69,244,244,342214,277,86
" ""MonsterName10092"""," ""九尾狐""",10092,70,125,125,180845,571,50
" ""MonsterName10093"""," ""土拨鼠""",10093,37,26,78,5503,44,24
" ""MonsterName10094"""," ""邪骸矿工""",10094,40,110,110,14165,52,59
" ""MonsterName10095"""," ""麦斯特""",10095,41,214,128,33630,95,89
" ""MonsterName10096"""," ""暗神官""",10096,92,-1,-1,300000,-1,174
" ""MonsterName10097"""," ""邪骸战士""",10097,65,220,220,271145,581,86
" ""MonsterName10098"""," ""邪骸弓箭手""",10098,53,122,203,96706,229,72
" ""MonsterName10099"""," ""黑狐""",10099,49,146,146,53407,177,59
" ""MonsterName10100"""," ""木乃伊""",10100,56,261,87,124173,169,72
" ""MonsterName10101"""," ""毕莱特""",10101,57,178,178,134330,178,72
" ""MonsterName10102"""," ""绿腐尸""",10102,77,292,292,616211,706,100
" ""MonsterName10103"""," ""蛇女伊丝""",10103,58,341,205,216003,371,108
" ""MonsterName10104"""," ""米洛斯""",10104,59,349,209,231134,386,108
" ""MonsterName10105"""," ""艾斯蜘蛛""",10105,42,133,221,38193,157,89
" ""MonsterName10106"""," ""螳螂""",10106,43,122,122,28705,143,59
" ""MonsterName10107"""," ""噬人花""",10107,45,195,195,53738,201,89
" ""MonsterName10108"""," ""艾吉欧蜈蚣""",10108,52,237,237,132737,269,108
" ""MonsterName10109"""," ""刺锤哥布灵""",10109,73,268,268,495508,748,100
" ""MonsterName10110"""," ""榔头哥布灵""",10110,75,350,210,553727,532,100
" ""MonsterName10111"""," ""链锤哥布灵""",10111,71,320,192,443233,702,100
" ""MonsterName10112"""," ""大斧哥布灵""",10112,77,292,292,616211,706,100
" ""MonsterName10113"""," ""刺刀哥布灵""",10113,79,304,304,683157,898,100
" ""MonsterName10114"""," ""弓箭哥布灵""",10114,81,119,198,439561,644,58
" ""MonsterName10115"""," ""喷射哥布灵""",10115,85,170,510,1070770,1078,97
" ""MonsterName10116"""," ""杰洛米""",10116,60,238,143,164604,482,86
" ""MonsterName10117"""," ""诺可伊""",10117,62,253,152,224568,520,86
" ""MonsterName10118"""," ""马尔杜克""",10118,57,200,334,201495,284,108
" ""MonsterName10119"""," ""帕莎纳""",10119,64,321,321,382507,374,129
" ""MonsterName10120"""," ""兽人腐尸""",10120,72,295,491,702868,604,150
" ""MonsterName10121"""," ""兽人战士""",10121,75,210,630,830591,332,150
" ""MonsterName10122"""," ""邪骸兽人""",10122,76,429,429,876636,343,150
" ""MonsterName10123"""," ""兽人女战士""",10123,83,328,328,971814,681,116
" ""MonsterName10124"""," ""兹诺克""",10124,84,334,334,1020492,875,116
" ""MonsterName10125"""," ""赤苍蝇""",10125,40,69,41,7083,83,30
" ""MonsterName10126"""," ""兽人弓箭手""",10126,88,358,358,1231545,1163,102
" ""MonsterName10127"""," ""兽人战士长""",10127,86,649,389,1684023,1106,148
" ""MonsterName10128"""," ""刺锤犬妖""",10128,73,335,201,495508,624,100
" ""MonsterName10129"""," ""榔头犬妖""",10129,76,286,286,584424,685,100
" ""MonsterName10130"""," ""犬妖弓箭手""",10130,82,161,161,462351,414,58
" ""MonsterName10131"""," ""大斧犬妖""",10131,85,340,340,1070770,719,116
" ""MonsterName10132"""," ""南瓜先生""",10132,74,206,69,262048,322,50
" ""MonsterName10133"""," ""傀儡娃娃""",10133,78,149,149,324557,873,50
" ""MonsterName10134"""," ""小恶魔""",10134,83,246,82,485907,681,58
" ""MonsterName10135"""," ""梦魇""",10135,87,660,396,1764392,1134,150
" ""MonsterName10136"""," ""蓝鼠""",10136,94,-1,-1,300000,-1,58
" ""MonsterName10137"""," ""朽魔""",10137,92,-1,-1,300000,-1,66
" ""MonsterName10138"""," ""巫婆""",10138,93,-1,-1,300000,-1,132
" ""MonsterName10139"""," ""钟怪""",10139,97,-1,-1,300000,-1,132
" ""MonsterName10141"""," ""古钟魔""",10141,98,-1,-1,300000,-1,132
" ""MonsterName10142"""," ""钟塔守护者""",10142,100,-1,-1,300000,-1,-1
" ""MonsterName10143"""," ""蚂蚁幼虫""",10143,48,71,71,24202,104,30
" ""MonsterName10144"""," ""梅纳海葵""",10144,96,-1,-1,300000,-1,116
" ""MonsterName10145"""," ""邪骸士兵""",10145,51,193,116,80719,253,72
" ""MonsterName10146"""," ""邪恶箱""",10146,999,-1,-1,1,-1,16
" ""MonsterName10147"""," ""变异幽浮水母""",10147,34,49,49,4212,38,24
" ""MonsterName10148"""," ""短剑海盗骷髅""",10148,39,162,54,13046,99,48
" ""MonsterName10149"""," ""摇滚蝗虫""",10149,33,144,48,7686,57,48
" ""MonsterName10150"""," ""雪熊""",10150,46,201,201,59581,144,89
" ""MonsterName10151"""," ""小巴风特""",10151,80,78,233,359183,769,58
" ""MonsterName10152"""," ""蛋壳小鸡""",10152,9,24,24,126,10,9
" ""MonsterName10153"""," ""狂暴木乃伊""",10153,999,-1,-1,1,-1,13
No Name," ""安毕斯""",10154,65,495,165,406717,388,129
" ""MonsterName10155"""," ""巨大白幽灵""",10155,78,335,559,973671,582,150
" ""MonsterName10156"""," ""狂暴小土人""",10156,999,-1,-1,1,-1,-1
" ""MonsterName10157"""," ""邪骸战士长""",10157,74,274,274,524097,515,100
" ""MonsterName10158"""," ""兽人婴儿""",10158,72,131,131,234289,725,50
" ""MonsterName10159"""," ""直升机哥布灵""",10159,88,671,403,1847317,485,152
" ""MonsterName10160"""," ""狂暴哥布灵""",10160,999,-1,-1,1,-1,-1
" ""MonsterName10161"""," ""哥布灵首领""",10161,999,-1,-1,1,-1,-1
" ""MonsterName10162"""," ""犬妖首领""",10162,999,-1,-1,1,-1,-1
" ""MonsterName10163"""," ""风魔巫师""",10163,89,546,182,1293365,797,103
" ""MonsterName10164"""," ""恶灵""",10164,-1,833,278,2036084,1229,157
" ""MonsterName10166"""," ""卡拉特小丑""",10166,81,158,158,439561,805,138
" ""MonsterName10167"""," ""邪恶使者""",10167,92,478,287,1699600,875,108
" ""MonsterName10168"""," ""幽灵剑士""",10168,82,242,403,924702,414,93
" ""MonsterName10170"""," ""幽灵弓箭手""",10170,95,400,400,1959646,593,112
" ""MonsterName10171"""," ""米诺斯""",10171,86,519,519,1684023,737,149
" ""MonsterName10172"""," ""腐尸战俘""",10172,89,182,546,1293365,498,103
" ""MonsterName10173"""," ""伊特瓢虫""",10173,91,94,282,1,-1,66
" ""MonsterName10175"""," ""裘卡""",10175,95,-1,-1,300000,-1,199
" ""MonsterName10179"""," ""贤者虫""",10179,87,220,132,588131,756,50
" ""MonsterName10180"""," ""镜妖""",10180,93,-1,-1,300000,-1,132
" ""MonsterName10182"""," ""史汀""",10182,91,141,235,809365,851,53
" ""MonsterName10184"""," ""卡利斯格""",10184,95,784,470,1,-1,199
" ""MonsterName10185"""," ""艾斯恩魔女""",10185,96,-1,-1,300000,-1,132
" ""MonsterName10187"""," ""邪骸战俘""",10187,93,388,388,1783328,1124,109
" ""MonsterName10190"""," ""瑞比欧""",10190,-1,555,555,2036084,1024,157
" ""MonsterName10191""",No Name,10191,74,-1,-1,1,-1,18
" ""MonsterName10192"""," ""阿修罗狂战士""",10192,98,-1,-1,300000,-1,199
" ""MonsterName10193"""," ""邪骸浪人""",10193,99,-1,-1,300000,-1,132
" ""MonsterName10194"""," ""深渊骑士""",10194,94,739,443,2804980,1155,166
" ""MonsterName10195"""," ""血腥骑士""",10195,84,376,626,1530739,875,144
" ""MonsterName10212"""," ""蝙蝠弓箭手""",10212,95,-1,-1,1959646,593,-1
" ""测试怪物1"""," ""大脚熊""",19910,60,-1,-1,12000,271,428
" ""测试怪物2"""," ""大脚熊""",19911,60,-1,-1,22000,271,428
" ""测试怪物3"""," ""大脚熊""",19912,60,-1,-1,30000,271,428
" ""测试怪物4"""," ""大脚熊""",19913,60,-1,-1,12000,271,428
" ""测试怪物5"""," ""大脚熊""",19914,60,-1,-1,22000,271,428
" ""MonsterName30008"""," ""皮里恩""",19915,30,-1,-1,4029069,236,-1
" ""MonsterName30017"""," ""法老王""",19916,60,-1,-1,11493900,281,-1
" ""MonsterName10038"""," ""大脚熊""",19950,63,-1,-1,193195,296,428
" ""MonsterName10150"""," ""雪熊""",19951,46,-1,-1,44290,160,296
" ""MonsterName10038"""," ""大脚熊""",19952,63,-1,-1,193195,296,428
" ""MonsterName10001"""," ""波利""",19992,1,-1,-1,48,7,9
" ""MonsterName19993"""," ""团子""",19993,45,-1,-1,11300,73,-1
" ""MonsterName19993"""," ""团子""",19994,45,-1,-1,31000,119,-1
" ""MonsterName19995"""," ""大团子""",19995,45,-1,-1,53000,248,-1
" ""MonsterName19999"""," ""木桩人""",19997,50,-1,-1,100000000,100,-1
" ""MonsterName10001"""," ""波利""",19998,1,-1,-1,100,10,-1
" ""MonsterName19999"""," ""木桩人""",19999,50,-1,-1,100000000,-1,-1
" ""MonsterName19999"""," ""木桩人""",20000,50,-1,-1,100000000,-1,-1
" ""MonsterName20001"""," ""邪骸海盗""",20001,39,-1,-1,13046,118,-1
" ""MonsterName20002"""," ""邪骸海盗队长""",20002,40,-1,-1,26092,236,-1
" ""MonsterName20003"""," ""白幽灵""",20003,41,-1,-1,11210,60,-1
" ""MonsterName20004"""," ""巨大白幽灵""",20004,41,-1,-1,22420,120,-1
" ""MonsterName20005"""," ""梅纳海葵""",20005,28,-1,-1,3121,64,-1
" ""MonsterName10164"""," ""恶灵""",20006,39,-1,-1,30000,118,-1
" ""MonsterName20007"""," ""帅炸天的空气墙""",20007,2,-1,-1,5000,-1,-1
" ""MonsterName20008"""," ""boss门""",20008,0,-1,-1,50000,-1,-1
" ""MonsterName10118"""," ""马尔杜克""",20009,80,-1,-1,946871,615,-1
" ""MonsterName10119"""," ""帕莎纳""",20010,80,-1,-1,32365,152,-1
" ""MonsterName20011"""," ""盗虫""",20011,16,-1,-1,675,24,-1
" ""MonsterName20012"""," ""黄金盗虫""",20012,1,-1,-1,600,-1,-1
" ""MonsterName20013"""," ""白鼠""",20013,10,-1,-1,205,13,-1
" ""MonsterName20014"""," ""魔菇""",20014,19,-1,-1,1100,31,-1
" ""MonsterName20015"""," ""浮勒盗虫""",20015,17,-1,-1,805,26,-1
" ""MonsterName20016"""," ""玛勒盗虫""",20016,18,-1,-1,955,29,-1
" ""MonsterName20017"""," ""巨大魔菇""",20017,22,-1,-1,4728,41,-1
" ""MonsterName20018"""," ""玛勒盗虫""",20018,18,-1,-1,955,29,-1
" ""MonsterName10127"""," ""兽人战士长""",20019,60,-1,-1,650364,581,-1
" ""MonsterName20021"""," ""人鱼""",20021,61,-1,-1,210241,417,-1
" ""MonsterName20022"""," ""人鱼士兵""",20022,60,-1,-1,250171,417,-1
" ""MonsterName20023"""," ""剑鱼""",20023,56,-1,-1,208476,500,-1
" ""MonsterName20024"""," ""异变鱼""",20024,59,-1,-1,208476,500,-1
" ""MonsterName20025"""," ""人鱼士兵队长""",20025,60,-1,-1,420482,834,-1
" ""MonsterName20021"""," ""人鱼""",20026,40,-1,-1,210241,417,-1
" ""MonsterName20022"""," ""人鱼士兵""",20027,60,-1,-1,210241,417,-1
" ""MonsterName20023"""," ""剑鱼""",20028,56,-1,-1,208476,500,-1
" ""MonsterName10023"""," ""蚯蚓""",20029,50,-1,-1,14047,90,-1
" ""MonsterName10026"""," ""泥人""",20030,50,-1,-1,116607,301,-1
" ""MonsterName20013"""," ""白鼠""",20031,18,-1,-1,955,29,-1
" ""MonsterName20032"""," ""巨大白鼠""",20032,20,-1,-1,3663,34,-1
" ""MonsterName20011"""," ""盗虫""",20033,16,-1,-1,675,24,-1
" ""MonsterName20015"""," ""浮勒盗虫""",20034,18,-1,-1,955,29,-1
" ""MonsterName20035"""," ""巨大盗虫""",20035,20,-1,-1,3663,34,-1
" ""MonsterName20016"""," ""玛勒盗虫""",20036,18,-1,-1,955,29,-1
" ""MonsterName20037"""," ""巨大浮勒盗虫""",20037,20,-1,-1,3663,34,-1
" ""MonsterName20038"""," ""巨大玛勒盗虫""",20038,20,-1,-1,3663,34,-1
" ""MonsterName20014"""," ""魔菇""",20039,19,-1,-1,1100,31,-1
" ""MonsterName20017"""," ""巨大魔菇""",20040,22,-1,-1,4728,41,-1
" ""MonsterName20041"""," ""蜂巢""",20041,1,-1,-1,30,2,-1
" ""MonsterName20042"""," ""蚁后卵""",20042,60,-1,-1,10,-1,-1
" ""MonsterName10086"""," ""卷甲虫""",20043,70,-1,-1,218876,457,-1
" ""MonsterName10081"""," ""工蚁""",20044,70,-1,-1,182397,285,-1
" ""MonsterName10082"""," ""兵蚁""",20045,70,-1,-1,182397,571,-1
" ""MonsterName10027"""," ""蜂兵""",20046,40,-1,-1,5341,124,-1
" ""MonsterName10035"""," ""毕帝特飞龙""",20047,40,-1,-1,56080,124,-1
" ""MonsterName10038"""," ""大脚熊""",20049,63,-1,-1,429159,360,-1
" ""MonsterName10103"""," ""蛇女伊丝""",20050,50,-1,-1,110059,237,-1
" ""MonsterName10153"""," ""狂暴木乃伊""",20051,50,-1,-1,110059,237,-1
" ""MonsterName10100"""," ""木乃伊""",20052,50,-1,-1,73373,118,-1
" ""MonsterName10101"""," ""毕莱特""",20053,50,-1,-1,73373,118,-1
" ""MonsterName10099"""," ""黑狐""",20054,50,-1,-1,58698,189,-1
" ""MonsterName10098"""," ""邪骸弓箭手""",20055,50,-1,-1,73373,189,-1
" ""MonsterName10145"""," ""邪骸士兵""",20056,50,-1,-1,73373,237,-1
" ""MonsterName10103"""," ""蛇女伊丝""",20057,50,-1,-1,110059,237,-1
" ""MonsterName10104"""," ""米洛斯""",20058,50,-1,-1,110059,237,-1
" ""MonsterName20059"""," ""黑暗心脏""",20059,1,-1,-1,30,-1,-1
" ""MonsterName20060"""," ""魔鬼大乌贼脚""",20060,50,-1,-1,85207,284,-1
" ""MonsterName20061"""," ""红蝙蝠""",20061,46,-1,-1,25110,124,-1
" ""MonsterName20062"""," ""嗜血蝙蝠""",20062,52,-1,-1,28350,131,-1
" ""MonsterName20063"""," ""黑蚁""",20063,50,-1,-1,31000,248,-1
" ""MonsterName20064"""," ""巨黑蚁""",20064,52,-1,-1,105000,262,-1
" ""MonsterName20065"""," ""红蚁""",20065,50,-1,-1,25100,124,-1
" ""MonsterName20066"""," ""转转蛋""",20066,50,-1,-1,50000,496,-1
" ""MonsterName10121"""," ""兽人战士""",20067,80,-1,-1,1325619,385,-1
" ""MonsterName10123"""," ""兽人女战士""",20068,80,-1,-1,1009996,615,-1
" ""MonsterName10126"""," ""兽人弓箭手""",20069,80,-1,-1,1009996,923,-1
" ""MonsterName10103"""," ""蛇女伊丝""",20070,50,-1,-1,171794,320,-1
No Name," ""安毕斯""",20071,50,-1,-1,206153,256,-1
" ""MonsterName10033"""," ""黑蛇""",20072,49,-1,-1,58698,222,-1
" ""MonsterName20015"""," ""浮勒盗虫""",20073,18,-1,-1,955,29,-1
" ""MonsterName10073"""," ""气泡虫""",20080,58,-1,-1,85145,185,36
" ""MonsterName10068"""," ""螃蟹""",20081,52,-1,-1,51627,216,36
" ""MonsterName10044"""," ""吸血蝙蝠""",20082,80,-1,-1,100000,-1,-1
" ""MonsterName10092"""," ""九尾狐""",20083,70,-1,-1,218876,571,-1
" ""MonsterName10038"""," ""大脚熊""",20090,70,-1,-1,7,296,-1
" ""MonsterName10039"""," ""野猪""",20091,70,-1,-1,437753,457,-1
" ""MonsterName10036"""," ""长老树精""",20092,70,-1,-1,656629,571,-1
" ""MonsterName10056"""," ""绿苍蝇""",20093,70,-1,-1,10,55,-1
" ""MonsterName10125"""," ""赤苍蝇""",20094,70,-1,-1,109438,457,-1
" ""MonsterName10027"""," ""蜂兵""",20095,70,-1,-1,72959,685,-1
" ""MonsterName10043"""," ""将军魔碑""",20096,70,-1,-1,656629,685,-1
" ""MonsterName10092"""," ""九尾狐""",20097,70,-1,-1,12,361,-1
" ""MonsterName10042"""," ""鬼火""",20098,70,-1,-1,255356,571,-1
" ""MonsterName10037"""," ""转转蛋""",20099,70,-1,-1,10,361,-1
" ""MonsterName10064"""," ""白幽灵""",20100,70,-1,-1,145918,285,-1
" ""MonsterName10133"""," ""傀儡娃娃""",20101,70,-1,-1,255356,685,-1
" ""MonsterName10098"""," ""邪骸弓箭手""",20102,70,-1,-1,364794,457,-1
" ""MonsterName10157"""," ""邪骸战士长""",20103,70,-1,-1,510712,457,-1
" ""MonsterName10090"""," ""妖道""",20104,70,-1,-1,10,332,-1
" ""MonsterName10077"""," ""人鱼士兵""",20105,70,-1,-1,12,659,-1
" ""MonsterName10075"""," ""人鱼""",20106,70,-1,-1,437753,571,-1
" ""MonsterName10091"""," ""鬼女""",20107,70,-1,-1,437753,285,-1
" ""MonsterName10150"""," ""雪熊""",20108,70,-1,-1,7,160,-1
" ""MonsterName10022"""," ""巨石怪""",20109,70,-1,-1,848695,901,-1
" ""MonsterName31013"""," ""巨石王""",20110,70,-1,-1,297000,97,-1
" ""MonsterName10041"""," ""土人""",20111,70,-1,-1,10,341,-1
" ""MonsterName10156"""," ""狂暴小土人""",20112,70,-1,-1,218876,685,-1
" ""MonsterName10041"""," ""土人""",20113,70,-1,-1,218876,685,63
" ""MonsterName10150"""," ""雪熊""",20114,70,-1,-1,20,160,-1
" ""MonsterName10056"""," ""绿苍蝇""",20115,70,-1,-1,30,55,-1
" ""MonsterName10077"""," ""人鱼士兵""",20116,70,-1,-1,5,659,-1
" ""MonsterName10038"""," ""大脚熊""",20117,70,-1,-1,20,296,-1
" ""MonsterName10037"""," ""转转蛋""",20118,70,-1,-1,30,361,-1
" ""MonsterName10092"""," ""九尾狐""",20119,70,-1,-1,326421,361,-1
" ""MonsterName20120"""," ""风""",20120,70,-1,-1,528802,157,-1
" ""MonsterName20121"""," ""林""",20121,70,-1,-1,430876,-1,-1
" ""MonsterName20122"""," ""火""",20122,70,-1,-1,652842,451,-1
" ""MonsterName20123"""," ""山""",20123,70,-1,-1,848695,225,-1
" ""MonsterName10064"""," ""白幽灵""",20124,70,-1,-1,145918,285,-1
" ""MonsterName10064"""," ""白幽灵""",20125,70,-1,-1,145918,285,-1
" ""MonsterName10043"""," ""将军魔碑""",20126,70,-1,-1,264401,341,-1
" ""MonsterName20127"""," ""将军魔碑""",20127,80,-1,-1,3000000,341,-1
" ""MonsterName20128"""," ""将军魔碑""",20128,80,-1,-1,1500000,341,-1
" ""MonsterName20129"""," ""将军魔碑""",20129,80,-1,-1,1500000,341,-1
" ""MonsterName20130"""," ""恶魔之塔""",20130,80,-1,-1,1500000,341,-1
" ""MonsterName20131"""," ""赫尔斯""",20131,80,-1,-1,1500000,341,-1
" ""MonsterName20132"""," ""马萨特""",20132,80,-1,-1,1500000,341,-1
" ""MonsterName20132"""," ""马萨特""",20133,80,-1,-1,1500000,341,-1
" ""MonsterName20134"""," ""马萨特""",20134,80,-1,-1,1500000,341,-1
" ""MonsterName10120"""," ""马萨特""",20135,80,-1,-1,1500000,341,-1
" ""MonsterName20136"""," ""傀儡娃娃""",20136,70,-1,-1,255356,685,-1
" ""MonsterName20137"""," ""小恶魔""",20137,70,-1,-1,255356,685,-1
" ""MonsterName20138"""," ""风魔巫师""",20138,70,-1,-1,255356,685,-1
" ""MonsterName20136"""," ""傀儡娃娃""",20139,70,-1,-1,255356,685,-1
" ""MonsterName20137"""," ""小恶魔""",20140,70,-1,-1,255356,685,-1
" ""MonsterName20138"""," ""风魔巫师""",20141,70,-1,-1,255356,685,-1
" ""MonsterName10022"""," ""巨石怪""",20142,80,-1,-1,10000000,193,-1
" ""MonsterName20143"""," ""赫尔斯""",20143,80,-1,-1,1500000,341,-1
" ""MonsterName20144"""," ""赫尔斯""",20144,80,-1,-1,1500000,341,-1
" ""MonsterName10088"""," ""腐尸""",20200,80,-1,-1,378748,923,-1
" ""MonsterName10102"""," ""绿腐尸""",20201,80,-1,-1,883746,769,-1
" ""MonsterName10102"""," ""绿腐尸""",20202,80,-1,-1,907719,1351,-1
" ""MonsterName10125"""," ""赤苍蝇""",20203,80,-1,-1,189374,615,-1
" ""MonsterName10084"""," ""红蝙蝠""",20204,80,-1,-1,126249,923,-1
" ""MonsterName10193"""," ""邪骸浪人""",20205,80,-1,-1,1027382,1229,-1
" ""MonsterName10102"""," ""绿腐尸""",20206,80,-1,-1,883746,769,-1
" ""MonsterName10118"""," ""马尔杜克""",20207,80,-1,-1,946871,615,-1
" ""MonsterName10135"""," ""梦魇""",20208,80,-1,-1,1514994,923,-1
" ""MonsterName10134"""," ""小恶魔""",20209,80,-1,-1,504998,615,-1
" ""MonsterName10133"""," ""傀儡娃娃""",20210,80,-1,-1,441873,923,-1
" ""MonsterName10132"""," ""南瓜先生""",20211,80,-1,-1,1027382,1229,-1
" ""MonsterName53999"""," ""木制宝箱""",20212,1,-1,-1,5,-1,77777
" ""MonsterName10168"""," ""幽灵剑士""",20220,-1,-1,-1,2090289,711,-1
" ""MonsterName10170"""," ""幽灵弓箭手""",20221,-1,-1,-1,2351575,711,-1
" ""MonsterName10167"""," ""邪恶使者""",20222,-1,-1,-1,2351575,1138,-1
" ""MonsterName10190"""," ""瑞比欧""",20223,-1,-1,-1,9360840,1024,-1
" ""MonsterName33012"""," ""迷幻之王""",20224,-1,-1,-1,5023233,2048,-1
" ""MonsterName10187"""," ""邪骸战俘""",20225,-1,-1,-1,2351575,1423,-1
" ""MonsterName10172"""," ""腐尸战俘""",20226,-1,-1,-1,2090289,711,-1
" ""MonsterName10182"""," ""史汀""",20227,-1,-1,-1,1175787,1138,-1
" ""MonsterName10171"""," ""米诺斯""",20228,-1,-1,-1,16840230,737,-1
" ""MonsterName10194"""," ""深渊骑士""",20229,-1,795,-1,28049800,1155,-1
" ""MonsterName10195"""," ""血腥骑士""",20230,-1,-1,-1,30000000,875,-1
" ""MonsterName10146"""," ""邪恶箱""",20231,-1,-1,-1,3,-1,-1
" ""MonsterName33012"""," ""迷幻之王""",20232,-1,-1,-1,99999999,2048,-1
" ""MonsterName10098"""," ""邪骸弓箭手""",21001,50,-1,-1,608695,229,-1
" ""MonsterName10103"""," ""蛇女伊丝""",21002,50,-1,-1,608695,371,-1
" ""MonsterName10171"""," ""米诺斯""",21003,50,-1,-1,608695,371,-1
" ""MonsterName10118"""," ""马尔杜克""",21004,50,-1,-1,608695,284,-1
No Name," ""安毕斯""",21005,50,-1,-1,608695,388,-1
" ""MonsterName10022"""," ""巨石怪""",21006,50,-1,-1,608695,901,-1
" ""MonsterName10043"""," ""将军魔碑""",21007,50,-1,-1,528802,225,-1
" ""MonsterName10170"""," ""幽灵弓箭手""",21015,50,-1,-1,608695,229,-1
" ""MonsterName10193"""," ""邪骸浪人""",21016,50,-1,-1,608695,229,-1
" ""MonsterName10163"""," ""风魔巫师""",21017,50,-1,-1,608695,229,-1
" ""MonsterName10127"""," ""兽人战士长""",21018,50,-1,-1,608695,229,-1
" ""MonsterName10126"""," ""兽人弓箭手""",21019,50,-1,-1,608695,229,-1
" ""MonsterName10194"""," ""深渊骑士""",21020,50,-1,-1,608695,229,-1
" ""MonsterName10168"""," ""幽灵剑士""",21021,70,2810,4690,7233790,285,1160
" ""MonsterName10167"""," ""邪恶使者""",21022,65,2750,1650,3615260,484,710
" ""MonsterName10170"""," ""幽灵弓箭手""",21023,70,2500,2500,4822530,571,770
" ""MonsterName10194"""," ""深渊骑士""",21024,70,5630,1880,7233790,685,1160
" ""MonsterName10163"""," ""风魔巫师""",21025,70,3750,1250,4822530,457,770
" ""MonsterName10195"""," ""血腥骑士""",21026,50,-1,-1,608695,229,-1
" ""MonsterName21030"""," ""深渊蜂后""",21030,60,-1,-1,4029069,236,-1
" ""MonsterName21031"""," ""深渊皮里恩""",21031,60,-1,-1,4029069,236,-1
" ""MonsterName21032"""," ""深渊魔鬼大乌贼""",21032,60,-1,-1,6573272,338,-1
" ""MonsterName21033"""," ""深渊虎王""",21033,60,-1,-1,6573272,338,-1
" ""MonsterName21034"""," ""深渊蚁后""",21034,80,-1,-1,9735301,451,-1
" ""MonsterName21035"""," ""深渊兽人英雄""",21035,80,-1,-1,9735301,451,-1
" ""MonsterName21036"""," ""深渊兽人酋长""",21036,80,-1,-1,11493900,281,-1
" ""MonsterName21037"""," ""深渊法老王""",21037,80,-1,-1,11493900,281,-1
" ""MonsterName20001"""," ""邪骸海盗""",22001,44,-1,-1,24117,186,-1
" ""MonsterName20002"""," ""邪骸海盗队长""",22002,45,-1,-1,48234,372,-1
" ""MonsterName20003"""," ""白幽灵""",22003,46,-1,-1,24117,186,-1
" ""MonsterName20004"""," ""巨大白幽灵""",22004,46,-1,-1,48234,372,-1
" ""MonsterName20005"""," ""梅纳海葵""",22005,33,-1,-1,5451,94,-1
" ""MonsterName10164"""," ""恶灵""",22006,44,-1,-1,50000,186,-1
" ""MonsterName20002"""," ""邪骸海盗队长""",22007,45,-1,-1,48234,372,-1
" ""MonsterName20003"""," ""白幽灵""",22008,46,-1,-1,24117,186,-1
" ""MonsterName20004"""," ""巨大白幽灵""",22009,46,-1,-1,48234,372,-1
" ""MonsterName20005"""," ""梅纳海葵""",22010,33,-1,-1,5451,94,-1
" ""MonsterName20011"""," ""盗虫""",22011,21,-1,-1,1390,37,-1
" ""MonsterName20012"""," ""黄金盗虫""",22012,1,-1,-1,2000,-1,-1
" ""MonsterName20013"""," ""白鼠""",22013,15,-1,-1,555,22,-1
" ""MonsterName20014"""," ""魔菇""",22014,24,-1,-1,2005,48,-1
" ""MonsterName20015"""," ""浮勒盗虫""",22015,22,-1,-1,1576,41,-1
" ""MonsterName20016"""," ""玛勒盗虫""",22016,23,-1,-1,1781,44,-1
" ""MonsterName20017"""," ""巨大魔菇""",22017,27,-1,-1,8421,60,-1
" ""MonsterName20018"""," ""玛勒盗虫""",22018,23,-1,-1,1781,44,-1
" ""MonsterName20004"""," ""巨大白幽灵""",22019,46,-1,-1,48234,372,-1
" ""MonsterName20011"""," ""盗虫""",22020,21,-1,-1,1390,37,-1
" ""MonsterName20021"""," ""人鱼""",22021,66,-1,-1,287920,502,-1
" ""MonsterName20022"""," ""人鱼士兵""",22022,65,-1,-1,287920,502,-1
" ""MonsterName20023"""," ""剑鱼""",22023,61,-1,-1,287920,502,-1
" ""MonsterName20024"""," ""异变鱼""",22024,64,-1,-1,287920,502,-1
" ""MonsterName20025"""," ""人鱼士兵队长""",22025,65,-1,-1,575840,1004,-1
" ""MonsterName20021"""," ""人鱼""",22026,45,-1,-1,287920,502,-1
" ""MonsterName20022"""," ""人鱼士兵""",22027,65,-1,-1,287920,502,-1
" ""MonsterName20023"""," ""剑鱼""",22028,61,-1,-1,287920,502,-1
" ""MonsterName20013"""," ""白鼠""",22030,15,-1,-1,555,22,-1
" ""MonsterName20013"""," ""白鼠""",22031,23,-1,-1,1781,44,-1
" ""MonsterName20032"""," ""巨大白鼠""",22032,25,-1,-1,6750,52,-1
" ""MonsterName20011"""," ""盗虫""",22033,21,-1,-1,1390,37,-1
" ""MonsterName20015"""," ""浮勒盗虫""",22034,35,-1,-1,1781,44,-1
" ""MonsterName20035"""," ""巨大盗虫""",22035,25,-1,-1,6750,52,-1
" ""MonsterName20016"""," ""玛勒盗虫""",22036,35,-1,-1,1781,44,-1
" ""MonsterName20037"""," ""巨大浮勒盗虫""",22037,35,-1,-1,6750,52,-1
" ""MonsterName20038"""," ""巨大玛勒盗虫""",22038,35,-1,-1,6750,52,-1
" ""MonsterName20014"""," ""魔菇""",22039,24,-1,-1,2005,48,-1
" ""MonsterName20017"""," ""巨大魔菇""",22040,27,-1,-1,8421,60,-1
" ""MonsterName20014"""," ""魔菇""",22041,24,-1,-1,2005,48,-1
" ""MonsterName20015"""," ""浮勒盗虫""",22042,22,-1,-1,1576,41,-1
" ""MonsterName20016"""," ""玛勒盗虫""",22043,23,-1,-1,1781,44,-1
" ""MonsterName20017"""," ""巨大魔菇""",22044,27,-1,-1,8421,60,-1
" ""MonsterName20018"""," ""玛勒盗虫""",22045,23,-1,-1,1781,44,-1
" ""MonsterName20022"""," ""人鱼士兵""",22046,65,-1,-1,287920,502,-1
" ""MonsterName20023"""," ""剑鱼""",22047,61,-1,-1,287920,502,-1
" ""MonsterName20024"""," ""异变鱼""",22048,64,-1,-1,287920,502,-1
" ""MonsterName20025"""," ""人鱼士兵队长""",22049,65,-1,-1,575840,1004,-1
" ""MonsterName10103"""," ""蛇女伊丝""",22050,55,-1,-1,171794,320,-1
" ""MonsterName10153"""," ""狂暴木乃伊""",22051,55,-1,-1,171794,320,-1
" ""MonsterName10100"""," ""木乃伊""",22052,55,-1,-1,114529,160,-1
" ""MonsterName10101"""," ""毕莱特""",22053,55,-1,-1,114529,160,-1
" ""MonsterName10099"""," ""黑狐""",22054,55,-1,-1,91623,256,-1
" ""MonsterName10098"""," ""邪骸弓箭手""",22055,55,-1,-1,114529,256,-1
" ""MonsterName10145"""," ""邪骸士兵""",22056,55,-1,-1,114529,320,-1
" ""MonsterName10103"""," ""蛇女伊丝""",22057,55,-1,-1,171794,320,-1
" ""MonsterName10104"""," ""米洛斯""",22058,55,-1,-1,171794,320,-1
" ""MonsterName20021"""," ""人鱼""",22059,45,-1,-1,287920,502,-1
" ""MonsterName20022"""," ""人鱼士兵""",22060,65,-1,-1,287920,502,-1
" ""MonsterName20023"""," ""剑鱼""",22061,61,-1,-1,287920,502,-1
" ""MonsterName10103"""," ""蛇女伊丝""",22070,55,-1,-1,216003,371,-1
No Name," ""安毕斯""",22071,55,-1,-1,259203,297,-1
" ""MonsterName10033"""," ""黑蛇""",22072,54,-1,-1,91623,256,-1
" ""MonsterName20023"""," ""剑鱼""",22078,61,-1,-1,287920,502,-1
" ""MonsterName10073"""," ""气泡虫""",22080,63,-1,-1,119211,225,36
" ""MonsterName10068"""," ""螃蟹""",22081,57,-1,-1,79256,284,36
" ""MonsterName10102"""," ""绿腐尸""",22202,85,-1,-1,1180034,1756,-1
" ""MonsterName10193"""," ""邪骸浪人""",22205,85,-1,-1,1335596,1597,-1
" ""MonsterName10132"""," ""南瓜先生""",22211,85,-1,-1,1335596,3000,-1
" ""MonsterName10190"""," ""瑞比欧""",22223,-1,-1,-1,20541260,1536,-1
" ""MonsterName10171"""," ""米诺斯""",22228,-1,-1,-1,25260345,1105,-1
" ""MonsterName10194"""," ""深渊骑士""",22229,-1,795,-1,42074700,1732,-1
" ""MonsterName10195"""," ""血腥骑士""",22230,-1,-1,-1,40000000,1312,-1
" ""MonsterName10008"""," ""罗达蛙""",23008,35,-1,-1,6033,57,-1
" ""MonsterName10008"""," ""罗达蛙""",23009,35,-1,-1,60330,57,-1
" ""MonsterName20032"""," ""巨大白鼠""",23032,35,-1,-1,3663,34,-1
" ""MonsterName20037"""," ""巨大浮勒盗虫""",23037,25,-1,-1,6750,52,-1
" ""MonsterName20038"""," ""巨大玛勒盗虫""",23038,25,-1,-1,6750,52,-1
" ""MonsterName20014"""," ""魔菇""",23045,35,-1,-1,2005,48,-1
" ""MonsterName10047"""," ""白鼠""",23047,35,-1,-1,732,35,-1
" ""MonsterName10048"""," ""浮勒盗虫""",23048,19,-1,-1,959,26,-1
" ""MonsterName20012"""," ""黄金盗虫""",23050,1,-1,-1,500000,-1,-1
" ""MonsterName20012"""," ""黄金盗虫""",23051,1,-1,-1,1000000,-1,-1
" ""MonsterName20012"""," ""黄金盗虫""",23052,1,-1,-1,500000,-1,-1
" ""MonsterName50014"""," ""黄金虫幼体""",23053,70,-1,-1,8000000,670,-1
" ""MonsterName23054"""," ""幽灵海盗之王""",23054,80,-1,-1,13897670,336,-1
" ""MonsterName23055"""," ""狂暴恶灵""",23055,80,-1,-1,2036084,1229,-1
" ""MonsterName20017"""," ""巨大魔菇""",23056,35,-1,-1,8421,60,-1
" ""MonsterName10066"""," ""海葵""",23066,36,-1,-1,3852,101,-1
" ""MonsterName10106"""," ""螳螂""",23106,35,-1,-1,20631,143,-1
" ""MonsterName10106"""," ""螳螂""",23107,35,-1,-1,206310,143,-1
" ""MonsterName10098"""," ""邪骸弓箭手""",24001,74,-1,-1,374355,515,-1
" ""MonsterName10145"""," ""邪骸士兵""",24002,74,-1,-1,374355,644,-1
" ""MonsterName10121"""," ""兽人战士""",24003,72,-1,-1,702868,302,-1
" ""MonsterName10123"""," ""兽人女战士""",24004,72,-1,-1,535518,483,-1
" ""MonsterName24099"""," ""年兽宝宝""",24099,50,-1,-1,100,237,-1
" ""MonsterName10106"""," ""螳螂""",24106,-1,-1,-1,20631,143,-1
" ""MonsterName10106"""," ""螳螂""",24107,-1,-1,-1,206310,143,-1
" ""MonsterName25000"""," ""乌贼气球""",25000,60,-1,-1,100,-1,-1
" ""MonsterName25001"""," ""哥布灵气球""",25001,60,-1,-1,8,-1,-1
" ""MonsterName25002"""," ""人鱼战士气球""",25002,60,-1,-1,8,-1,-1
" ""MonsterName25003"""," ""小恶魔气球""",25003,60,-1,-1,8,-1,-1
" ""MonsterName25004"""," ""小野猪气球""",25004,60,-1,-1,8,-1,-1
" ""MonsterName25010"""," ""蓝兔气球""",25010,60,-1,-1,12,-1,-1
" ""MonsterName25011"""," ""恶魔波利气球""",25011,60,-1,-1,12,-1,-1
" ""MonsterName25012"""," ""摩卡气球""",25012,60,-1,-1,12,-1,-1
" ""MonsterName25013"""," ""蘑菇气球""",25013,60,-1,-1,12,-1,-1
" ""MonsterName25020"""," ""皮里恩气球""",25020,60,-1,-1,16,-1,-1
" ""MonsterName25021"""," ""国王波利气球""",25021,60,-1,-1,16,-1,-1
" ""MonsterName25030"""," ""黄金天使波利气球""",25030,60,-1,-1,50000,-1,-1
" ""MonsterName25101"""," ""顽皮工蜂""",25101,60,-1,-1,12,-1,-1
" ""MonsterName25102"""," ""捣蛋工蜂""",25102,60,-1,-1,12,-1,-1
" ""MonsterName25103"""," ""勤劳工蜂""",25103,60,-1,-1,12,-1,-1
" ""MonsterName25104"""," ""不倦工蜂""",25104,60,-1,-1,12,-1,-1
" ""MonsterName25111"""," ""顽皮公主蜂""",25111,60,-1,-1,15,-1,-1
" ""MonsterName25112"""," ""捣蛋公主蜂""",25112,60,-1,-1,15,-1,-1
" ""MonsterName25113"""," ""勤劳公主蜂""",25113,60,-1,-1,15,-1,-1
" ""MonsterName25114"""," ""不倦公主蜂""",25114,60,-1,-1,15,-1,-1
" ""MonsterName25121"""," ""黄金蜂后女王""",25121,60,-1,-1,50000,-1,-1
" ""王牌猎人-补给箱"""," ""乌贼气球""",25200,60,-1,-1,100,-1,-1
" ""MonsterName20032"""," ""巨大白鼠""",27032,-1,-1,-1,6750,52,-1
" ""MonsterName20014"""," ""魔菇""",27039,-1,-1,-1,2005,48,-1
" ""MonsterName10099"""," ""黑狐""",27054,-1,-1,-1,91623,256,-1
" ""MonsterName10098"""," ""邪骸弓箭手""",27055,-1,-1,-1,114529,256,-1
" ""MonsterName10145"""," ""邪骸士兵""",27056,-1,-1,-1,114529,320,-1
" ""MonsterName10103"""," ""蛇女伊丝""",27057,-1,-1,-1,171794,320,-1
" ""MonsterName10104"""," ""米洛斯""",27058,-1,-1,-1,171794,320,-1
No Name," ""安毕斯""",27071,-1,-1,-1,259203,297,-1
" ""MonsterName10033"""," ""黑蛇""",27072,-1,-1,-1,91623,256,-1
" ""MonsterName10073"""," ""气泡虫""",27080,-1,-1,-1,119211,225,36
" ""MonsterName10068"""," ""螃蟹""",27081,-1,-1,-1,79256,284,36
" ""MonsterName10102"""," ""绿腐尸""",27202,-1,-1,-1,1180034,1756,-1
" ""MonsterName10132"""," ""南瓜先生""",27211,-1,-1,-1,1335596,3000,-1
" ""MonsterName10190"""," ""瑞比欧""",27273,-1,-1,-1,20541260,1536,-1
" ""MonsterName10171"""," ""米诺斯""",27278,-1,-1,-1,25260345,1105,-1
" ""MonsterName10194"""," ""深渊骑士""",27279,-1,795,-1,42074700,1732,-1
" ""MonsterName20007"""," ""帅炸天的空气墙""",29007,-1,-1,-1,5000,-1,-1
" ""MonsterName20008"""," ""boss门""",29008,-1,-1,-1,50000,-1,-1
" ""MonsterName30001"""," ""天使波利""",30001,60,12500,10000,6682500,563,6000
" ""MonsterName30002"""," ""黄金虫""",30002,25,-1,-1,149153,53,-1
" ""MonsterName30003"""," ""恶魔波利""",30003,60,12500,10000,6682500,563,6000
" ""MonsterName30004"""," ""海盗之王""",30004,40,-1,-1,531195,145,-1
" ""MonsterName30005"""," ""海神""",30005,60,-1,-1,6944227,643,-1
" ""MonsterName30006"""," ""哥布灵首领""",30006,40,-1,-1,1440000,185,-1
" ""MonsterName30007"""," ""蜂后""",30007,30,-1,-1,4029069,236,-1
" ""MonsterName30008"""," ""皮里恩""",30008,30,-1,-1,4029069,236,-1
" ""MonsterName30009"""," ""蚁后""",30009,50,-1,-1,9735301,451,-1
" ""MonsterName30010"""," ""虎王""",30010,40,-1,-1,6573272,338,-1
" ""MonsterName30011"""," ""月夜猫""",30011,70,-1,-1,-1,913,-1
" ""MonsterName30012"""," ""兽人英雄""",30012,50,-1,-1,9735301,451,-1
" ""MonsterName30013"""," ""俄塞里斯""",30013,50,-1,-1,2971594,511,-1
" ""MonsterName30014"""," ""死灵""",30014,70,-1,-1,2340000,281,-1
" ""MonsterName30015"""," ""兽人酋长""",30015,60,-1,-1,11493900,281,-1
" ""MonsterName30016"""," ""德古拉男爵""",30016,80,-1,-1,25655958,1846,-1
" ""MonsterName30017"""," ""法老王""",30017,60,-1,-1,11493900,281,-1
" ""MonsterName30018"""," ""巴风特""",30018,80,-1,-1,11493900,281,-1
" ""MonsterName30020"""," ""古埃及王""",30020,70,-1,-1,2340000,281,-1
" ""MonsterName30021"""," ""暗黑祭司""",30021,70,-1,-1,2970000,97,-1
" ""MonsterName30023"""," ""魔鬼大乌贼""",30023,40,-1,-1,6573272,338,-1
" ""MonsterName30027"""," ""黑暗之王""",30027,-1,-1,-1,50232338,2048,-1
" ""MonsterName30028"""," ""鹗枭首领""",30028,100,-1,-1,50232338,2048,-1
" ""MonsterName30099"""," ""年兽""",30099,60,-1,-1,166661453,804,-1
" ""MonsterName31001"""," ""蛙王""",31001,50,-1,-1,4867651,451,-1
" ""MonsterName31002"""," ""波利之王""",31002,40,15125,11688,3286636,338,6875
" ""MonsterName31003"""," ""摇滚蝗虫""",31003,20,15900,8400,171000,69,2400
" ""MonsterName31004"""," ""龙蝇""",31004,30,18000,13500,2014534,236,7800
" ""MonsterName31005"""," ""流浪之狼""",31005,70,-1,-1,297000,97,-1
" ""MonsterName31006"""," ""蓝疯兔""",31006,30,12500,10000,2014534,236,6000
" ""MonsterName31007"""," ""直升机哥布灵""",31007,40,24900,12900,720000,185,3300
" ""MonsterName31008"""," ""幽灵波利""",31008,40,15125,11688,3286636,338,6875
" ""MonsterName31009"""," ""大脚龙虾""",31009,50,-1,-1,4867651,451,-1
" ""MonsterName31010"""," ""流浪之狼""",31010,80,-1,-1,297000,97,-1
" ""MonsterName31011"""," ""流浪之狼""",31011,80,-1,-1,297000,97,-1
" ""MonsterName31013"""," ""巨石王""",31013,48,18900,9900,297000,97,2700
" ""MonsterName30002"""," ""黄金虫""",32002,25,-1,-1,358284,112,-1
" ""MonsterName30004"""," ""海盗之王""",32004,40,-1,-1,1389767,336,-1
" ""MonsterName30005"""," ""海神""",32005,60,-1,-1,9243572,775,-1
" ""MonsterName30011"""," ""月夜猫""",32011,70,-1,-1,20341004,1064,-1
" ""MonsterName30013"""," ""俄塞里斯""",32013,50,-1,-1,4987567,769,-1
" ""MonsterName30016"""," ""德古拉男爵""",32016,85,-1,-1,32557206,2156,-1
" ""MonsterName30027"""," ""黑暗之王""",32027,-1,-1,-1,62809171,2372,-1
" ""MonsterName33001"""," ""小波利""",33001,30,-1,-1,3300,97,-1
" ""MonsterName33002"""," ""刺锤哥布灵""",33002,40,-1,-1,8000,185,-1
" ""MonsterName33003"""," ""榔头哥布灵""",33003,40,-1,-1,8000,185,-1
" ""MonsterName33004"""," ""弓箭手哥布灵""",33004,40,-1,-1,8000,185,-1
" ""MonsterName33005"""," ""刺锤哥布灵图腾""",33005,40,-1,-1,8000,185,-1
" ""MonsterName33006"""," ""榔头哥布灵图腾""",33006,40,-1,-1,8000,185,-1
" ""MonsterName33007"""," ""弓箭手哥布灵图腾""",33007,40,-1,-1,8000,185,-1
" ""MonsterName33008"""," ""工蚁""",33008,50,-1,-1,57000,248,-1
" ""MonsterName33009"""," ""兵蚁""",33009,50,-1,-1,31000,248,-1
" ""MonsterName33010"""," ""九尾狐""",33010,70,-1,-1,57000,1021,-1
" ""MonsterName10184"""," ""卡利斯格""",33011,95,-1,-1,500000,-1,-1
" ""MonsterName33012"""," ""迷幻之王""",33012,-1,-1,-1,5023233,2048,-1
" ""MonsterName33013"""," ""迷幻之门""",33013,-1,-1,-1,5000000,-1,-1
" ""MonsterName10146"""," ""邪恶箱""",33014,95,-1,-1,1,-1,-1
" ""MonsterName33013"""," ""迷幻之门""",33015,-1,-1,-1,2147483647,-1,-1
" ""MonsterName30002"""," ""黄金虫""",34002,25,-1,-1,54068,30,-1
" ""MonsterName30004"""," ""海盗之王""",34004,40,-1,-1,256298,181,-1
" ""MonsterName30005"""," ""海神""",34005,60,-1,-1,1485478,406,-1
" ""MonsterName30011"""," ""月夜猫""",34011,70,-1,-1,4648344,606,-1
" ""MonsterName30013"""," ""俄塞里斯""",34013,50,-1,-1,610637,284,-1
" ""MonsterName30016"""," ""德古拉男爵""",34016,80,-1,-1,6660000,671,-1
" ""MonsterName30002"""," ""黄金虫""",35002,80,-1,-1,25655958,2769,-1
" ""MonsterName30004"""," ""海盗之王""",35004,-1,-1,-1,50232338,3072,-1
" ""MonsterName30013"""," ""俄塞里斯""",35013,100,-1,-1,76994033,4052,-1
" ""MonsterName50001"""," ""超凶的波利""",50001,1,-1,-1,40,5,-1
" ""MonsterName50001"""," ""超凶的波利""",50002,1,-1,-1,120,5,-1
" ""MonsterName50003"""," ""愤怒的国王波利""",50003,2,-1,-1,30000,-1,-1
" ""MonsterName50004"""," ""变异的曼陀罗魔花""",50004,10,-1,-1,1054,20,-1
" ""MonsterName50005"""," ""变异盗虫""",50005,15,-1,-1,302,19,-1
" ""MonsterName50006"""," ""发狂的秃鹰""",50006,15,-1,-1,302,19,-1
" ""MonsterName50007"""," ""不怀好意的刺客""",50007,15,-1,-1,400,19,-1
" ""MonsterName50008"""," ""狂暴的盗虫""",50008,15,-1,-1,302,19,-1
" ""MonsterName50009"""," ""金色的魔物""",50009,18,-1,-1,2680,11,-1
" ""MonsterName50010"""," ""变异盗虫""",50010,15,-1,-1,302,19,-1
" ""MonsterName50011"""," ""变异盗虫""",50011,15,-1,-1,302,19,-1
" ""MonsterName50012"""," ""变异盗虫卵""",50012,12,-1,-1,265,6,-1
" ""MonsterName50013"""," ""狂暴的长老树精""",50013,13,-1,-1,522,10,-1
" ""MonsterName50014"""," ""黄金虫幼体""",50014,18,-1,-1,2080,11,-1
" ""MonsterName50015"""," ""黄金虫""",50015,18,-1,-1,4280,11,-1
" ""MonsterName50016"""," ""幻境魔物""",50016,15,-1,-1,381,9,-1
" ""MonsterName50016"""," ""幻境魔物""",50017,16,-1,-1,426,9,-1
" ""MonsterName50018"""," ""巴风特的幻影""",50018,20,-1,-1,2250,11,-1
" ""MonsterName50019"""," ""入侵的邪骸海盗""",50019,20,-1,-1,651,13,-1
" ""MonsterName50020"""," ""突然出现的邪骸海盗""",50020,20,-1,-1,651,13,-1
" ""MonsterName50021"""," ""海盗船长的幻影""",50021,22,-1,-1,3540,16,-1
" ""MonsterName50022"""," ""巨大的藤蔓""",50022,25,-1,-1,1081,20,-1
" ""MonsterName50023"""," ""恶魔波利""",50023,25,-1,-1,5204,20,-1
" ""MonsterName50024"""," ""狂躁的瓢虫""",50024,22,-1,-1,688,11,-1
" ""MonsterName50025"""," ""被召唤的白幽灵""",50025,26,-1,-1,1210,22,-1
" ""MonsterName50026"""," ""被吸引的海盗骷髅""",50026,26,-1,-1,1210,22,-1
" ""MonsterName50027"""," ""海盗船长""",50027,28,-1,-1,8690,25,-1
" ""MonsterName50028"""," ""水之幻象""",50028,33,-1,-1,4120,37,-1
" ""MonsterName50029"""," ""基尔瑟小弟""",50029,33,-1,-1,2611,37,-1
" ""MonsterName50030"""," ""基尔瑟老大""",50030,35,-1,-1,6666,43,-1
" ""MonsterName50031"""," ""风之幻象""",50031,35,-1,-1,5120,43,-1
" ""MonsterName50032"""," ""地之幻象""",50032,35,-1,-1,5120,43,-1
" ""MonsterName30013"""," ""俄塞里斯""",50033,42,-1,-1,12820,100,-1
" ""MonsterName50034"""," ""凶狠的螃蟹""",50034,52,-1,-1,4274,53,-1
" ""MonsterName50035"""," ""人鱼士兵""",50035,38,-1,-1,4274,53,-1
" ""MonsterName50036"""," ""发狂的海神""",50036,42,-1,-1,12120,133,-1
" ""MonsterName50037"""," ""发狂的异变鱼""",50037,38,-1,-1,4274,53,-1
" ""MonsterName50038"""," ""拦路的乌贼""",50038,38,-1,-1,4274,53,-1
" ""MonsterName50039"""," ""发狂的人鱼""",50039,38,-1,-1,4274,53,-1
" ""MonsterName50040"""," ""发狂的海神""",50040,45,-1,-1,17510,123,-1
" ""MonsterName50041"""," ""可怖的僵尸""",50041,60,-1,-1,59419,271,-1
" ""MonsterName50042"""," ""大长老树精""",50042,61,-1,-1,162675,279,-1
" ""MonsterName50043"""," ""看守的大魔菇""",50043,61,-1,-1,162675,279,-1
" ""MonsterName50044"""," ""发狂的僵尸""",50044,62,-1,-1,71020,287,-1
" ""MonsterName50045"""," ""发狂的僵尸""",50045,62,-1,-1,71020,287,-1
" ""MonsterName50046"""," ""游荡的僵尸""",50046,63,-1,-1,77279,296,-1
" ""MonsterName50047"""," ""发狂的大脚熊""",50047,63,-1,-1,193197,296,-1
" ""MonsterName50048"""," ""被吸引的僵尸""",50048,64,-1,-1,83856,305,-1
" ""MonsterName50049"""," ""被吸引的妖道""",50049,64,-1,-1,83856,305,-1
" ""MonsterName50050"""," ""迷惘的鬼火""",50050,65,-1,-1,45381,314,-1
" ""MonsterName50051"""," ""云崖""",50051,66,-1,-1,98006,323,-1
" ""MonsterName50052"""," ""发狂的僵尸""",50052,67,-1,-1,52799,332,-1
" ""MonsterName50053"""," ""发狂的妖道""",50053,67,-1,-1,52799,332,-1
" ""MonsterName50054"""," ""发狂的鬼女""",50054,67,-1,-1,52799,332,-1
" ""MonsterName50055"""," ""突然出现的妖道""",50055,68,-1,-1,56774,341,-1
" ""MonsterName50056"""," ""围攻的妖道""",50056,68,-1,-1,56774,341,-1
" ""MonsterName50057"""," ""月夜猫""",50057,69,-1,-1,567743,427,-1
" ""MonsterName50058"""," ""绿苍蝇""",50058,12,-1,-1,1665,41,-1
" ""MonsterName50059"""," ""罗达蛙""",50059,33,-1,-1,5222,56,-1
" ""MonsterName50060"""," ""玛勒盗虫""",50060,19,-1,-1,700,55,-1
" ""MonsterName50061"""," ""鲁斯曼""",50061,70,-1,-1,485157,643,-1
" ""MonsterName50062"""," ""疯狂的链锤哥布灵""",50062,70,-1,-1,161719,643,-1
" ""MonsterName50063"""," ""疯狂的刺刀哥布灵""",50063,70,-1,-1,161719,643,-1
" ""MonsterName50064"""," ""疯狂的直升机哥布灵""",50064,70,-1,-1,485157,643,-1
" ""NpcName63001"""," ""塞尼亚""",50065,1,-1,-1,5000,5,-1
" ""MonsterName50066"""," ""愤怒的哥布灵""",50066,71,-1,-1,171107,443,-1
" ""MonsterName50067"""," ""哥布灵小小""",50067,71,-1,-1,342214,277,-1
" ""MonsterName50068"""," ""哥布灵首领""",50068,72,-1,-1,443233,702,-1
" ""MonsterName50069"""," ""兽人喽啰""",50069,73,-1,-1,342214,277,-1
" ""MonsterName50070"""," ""追击的萨满弟子""",50070,73,-1,-1,342214,277,-1
" ""MonsterName50071"""," ""兽人女战士精英""",50071,73,-1,-1,342214,277,-1
" ""MonsterName50072"""," ""兽人战士精英""",50072,73,-1,-1,342214,277,-1
" ""MonsterName50073"""," ""兽人战士长精英""",50073,73,-1,-1,361690,285,-1
" ""MonsterName50074"""," ""兽人反对者""",50074,74,-1,-1,342214,277,-1
" ""MonsterName50075"""," ""游荡的兽人腐尸""",50075,74,-1,-1,342214,277,-1
" ""MonsterName50076"""," ""兽人守卫""",50076,74,-1,-1,361690,285,-1
" ""MonsterName50077"""," ""戈尔鲁什""",50077,75,-1,-1,443233,702,-1
" ""MonsterName50078"""," ""刺锤犬妖侍卫""",50078,75,-1,-1,495508,748,-1
" ""MonsterName50079"""," ""大斧氏族卫兵""",50079,75,-1,-1,495508,748,-1
" ""MonsterName50080"""," ""汪金森""",50080,76,-1,-1,524097,515,-1
" ""MonsterName50081"""," ""狂暴的傀儡娃娃""",50081,76,-1,-1,495508,624,-1
" ""MonsterName50082"""," ""入侵的小恶魔""",50082,76,-1,-1,262048,322,-1
" ""MonsterName50083"""," ""入侵的梦魇""",50083,76,-1,-1,524097,515,-1
" ""MonsterName50084"""," ""防卫军""",50084,30,-1,-1,10000,1000,-1
" ""MonsterName50085"""," ""入侵的恶灵""",50085,76,-1,-1,524097,515,-1
" ""MonsterName50086"""," ""德古拉男爵""",50086,77,-1,-1,830591,332,-1
" ""MonsterName50055"""," ""突然出现的妖道""",50087,10,-1,-1,560,34,-1
" ""MonsterName50070"""," ""追击的萨满弟子""",50088,32,-1,-1,3600,103,-1
" ""MonsterName50079"""," ""大斧氏族卫兵""",50089,75,-1,-1,495508,748,-1
" ""MonsterName50085"""," ""入侵的恶灵""",50090,76,-1,-1,524097,515,-1
" ""MonsterName50077"""," ""戈尔鲁什""",50091,75,-1,-1,443233,702,-1
" ""MonsterName50074"""," ""兽人反对者""",50092,74,-1,-1,342214,277,-1
" ""MonsterName50074"""," ""兽人反对者""",50093,74,-1,-1,342214,277,-1
" ""MonsterName50074"""," ""兽人反对者""",50094,74,-1,-1,342214,277,-1
" ""MonsterName50095"""," ""游荡的卡拉特小丑""",50095,80,-1,-1,683157,898,-1
" ""MonsterName50096"""," ""被吸引的卡拉特小丑""",50096,80,-1,-1,683157,898,-1
" ""MonsterName50097"""," ""被吸引的卡拉特小丑""",50097,80,-1,-1,683157,898,-1
" ""MonsterName50098"""," ""被吸引的卡拉特小丑""",50098,80,-1,-1,683157,898,-1
" ""MonsterName50099"""," ""哀伤的暗神官""",50099,82,-1,-1,462351,663,-1
" ""MonsterName50100"""," ""守护残页的血腥骑士""",50100,82,-1,-1,462351,663,-1
" ""MonsterName50101"""," ""哀怨的血腥骑士""",50101,84,-1,-1,971814,681,-1
" ""MonsterName50102"""," ""哄抢料理的劳改犯""",50102,85,-1,-1,1020492,875,-1
" ""MonsterName50103"""," ""监工贤者虫""",50103,80,-1,-1,485907,681,-1
" ""MonsterName50104"""," ""监工贤者虫""",50104,80,-1,-1,485907,681,-1
" ""MonsterName50104"""," ""监工贤者虫""",50105,80,-1,-1,485907,681,-1
" ""MonsterName50106"""," ""愤怒的囚犯""",50106,86,-1,-1,1020492,875,-1
" ""MonsterName50107"""," ""愤怒的囚犯""",50107,86,-1,-1,1070770,719,-1
" ""MonsterName50108"""," ""被关押的囚犯""",50108,86,-1,-1,1070770,719,-1
" ""MonsterName50109"""," ""被关押的囚犯""",50109,86,-1,-1,1070770,719,-1
" ""MonsterName50110"""," ""被关押的囚犯""",50110,86,-1,-1,1070770,719,-1
" ""MonsterName50111"""," ""聚集的囚犯""",50111,86,-1,-1,1020492,875,-1
" ""MonsterName50112"""," ""被控制的瑞比欧""",50112,87,-1,-1,1176262,473,-1
" ""MonsterName50112"""," ""被控制的瑞比欧""",50113,87,-1,-1,1176262,473,-1
" ""MonsterName50112"""," ""被控制的瑞比欧""",50114,87,-1,-1,1176262,473,-1
" ""MonsterName50115"""," ""入侵的深渊骑士""",50115,88,-1,-1,1231545,1163,-1
" ""MonsterName50116"""," ""梦罗克""",50116,88,-1,-1,1231545,1163,-1
" ""MonsterName50117"""," ""黑暗之王""",50117,88,-1,-1,1231545,1163,-1
" ""MonsterName50118"""," ""画像中的傀儡娃娃""",50118,82,-1,-1,462351,414,-1
" ""MonsterName50111"""," ""聚集的囚犯""",50119,86,-1,-1,1020492,875,-1
" ""MonsterName50111"""," ""聚集的囚犯""",50120,86,-1,-1,1020492,875,-1
" ""MonsterName50111"""," ""聚集的囚犯""",50121,86,-1,-1,1020492,875,-1
" ""MonsterName50111"""," ""聚集的囚犯""",50122,86,-1,-1,1020492,875,-1
" ""MonsterName50111"""," ""聚集的囚犯""",50123,86,-1,-1,1020492,875,-1
" ""MonsterName50111"""," ""聚集的囚犯""",50124,86,-1,-1,1020492,875,-1
" ""MonsterName51001"""," ""墓室守卫""",51001,38,-1,-1,8424,40,-1
" ""MonsterName51002"""," ""刺客""",51002,40,-1,-1,10252,60,-1
" ""MonsterName51003"""," ""伤人的毒蛇""",51003,42,-1,-1,6499,60,-1
" ""MonsterName51004"""," ""沙漠狼首领""",51004,42,-1,-1,12429,133,-1
" ""MonsterName51005"""," ""可疑的盗贼""",51005,43,-1,-1,13629,120,-1
" ""MonsterName51006"""," ""躁动的白蚁""",51006,43,-1,-1,6815,60,-1
" ""MonsterName51007"""," ""躁动的工蚁""",51007,43,-1,-1,6886,60,-1
" ""MonsterName51008"""," ""蚁后""",51008,45,-1,-1,20370,121,-1
" ""MonsterName51009"""," ""蓝疯兔""",51009,15,-1,-1,1482,18,-1
" ""MonsterName51010"""," ""小蓝疯兔""",51010,15,-1,-1,1482,18,-1
" ""MonsterName51011"""," ""悬崖上的秃鹰""",51011,52,-1,-1,14144,153,-1
" ""MonsterName51012"""," ""刺客""",51012,52,-1,-1,18745,153,-1
" ""MonsterName51013"""," ""变异盗虫""",51013,52,-1,-1,11871,153,-1
" ""MonsterName51014"""," ""变异的疯兔""",51014,54,-1,-1,30011,180,-1
" ""MonsterName51015"""," ""追击的刺客""",51015,53,-1,-1,19002,150,-1
" ""MonsterName51016"""," ""流浪汉""",51016,54,-1,-1,29807,174,-1
" ""MonsterName51017"""," ""追击的蜂兵""",51017,26,-1,-1,2100,74,-1
" ""MonsterName51018"""," ""追击的蜂兵""",51018,25,-1,-1,1900,69,-1
" ""MonsterName51019"""," ""追击的蜂兵""",51019,27,-1,-1,2400,79,-1
" ""MonsterName51020"""," ""守卫的蜗牛""",51020,26,-1,-1,2100,74,-1
" ""MonsterName51021"""," ""贪婪的克瑞米""",51021,26,-1,-1,2100,74,-1
" ""MonsterName51022"""," ""格伦""",51022,45,-1,-1,8135,153,-1
" ""MonsterName51023"""," ""变异盗虫""",51023,45,-1,-1,8135,153,-1
" ""MonsterName51024"""," ""变异盗虫""",51024,45,-1,-1,8135,153,-1
" ""MonsterName51025"""," ""凶猛的黑蛇""",51025,31,-1,-1,3600,103,-1
" ""MonsterName51026"""," ""贪婪的皮里恩""",51026,31,-1,-1,3600,103,-1
" ""MonsterName51027"""," ""安毕斯的幻影""",51027,35,-1,-1,5300,131,-1
" ""MonsterName51028"""," ""疯狂的蚁后""",51028,36,-1,-1,5900,140,-1
" ""MonsterName51029"""," ""疯狂的蚂蚁""",51029,36,-1,-1,5900,140,-1
" ""MonsterName51030"""," ""疯狂的蚁后""",51030,35,-1,-1,5300,131,-1
" ""MonsterName51031"""," ""梦罗克祭祀""",51031,38,-1,-1,6800,159,-1
" ""MonsterName51032"""," ""刺客公会成员""",51032,37,-1,-1,6300,149,-1
" ""MonsterName51033"""," ""被削弱的皮里恩""",51033,41,-1,-1,9000,202,-1
" ""MonsterName51035"""," ""愤怒的大嘴鸟""",51035,40,-1,-1,8000,185,-1
" ""MonsterName51005"""," ""可疑的盗贼""",51036,10,-1,-1,330,25,-1
" ""MonsterName51043"""," ""训练用波利""",51043,1,-1,-1,120,18,-1
" ""MonsterName51044"""," ""调皮的疯兔""",51044,12,-1,-1,430,29,-1
" ""MonsterName51045"""," ""疯狂的气泡虫""",51045,54,-1,-1,14213,189,-1
" ""MonsterName51046"""," ""贪婪的邪骸海盗""",51046,54,-1,-1,18213,189,-1
" ""MonsterName51047"""," ""懒洋洋的海葵""",51047,50,-1,-1,12213,160,-1
" ""MonsterName51048"""," ""游荡的白幽灵""",51048,50,-1,-1,9701,118,-1
" ""MonsterName51049"""," ""不听话的海盗骷髅""",51049,50,-1,-1,10731,106,-1
" ""MonsterName51050"""," ""悠闲的人鱼""",51050,43,-1,-1,8135,140,-1
" ""MonsterName50034"""," ""凶狠的螃蟹""",51051,38,-1,-1,4274,53,-1
" ""MonsterName51052"""," ""被诱惑的魔鬼大乌贼""",51052,53,-1,-1,35425,150,-1
" ""MonsterName51053"""," ""被诱惑的大脚龙虾""",51053,53,-1,-1,35425,150,-1
" ""MonsterName51054"""," ""狂躁的人鱼""",51054,54,-1,-1,24425,166,-1
" ""MonsterName51055"""," ""围攻的卡那多斯""",51055,53,-1,-1,16459,212,-1
" ""MonsterName51056"""," ""波拉德""",51056,64,-1,-1,38639,296,-1
" ""MonsterName51057"""," ""时之使魔""",51057,65,-1,-1,90760,296,-1
" ""MonsterName51058"""," ""诡异的僵尸""",51058,65,-1,-1,56201,296,-1
" ""MonsterName51059"""," ""时之使魔""",51059,66,-1,-1,95023,296,-1
" ""MonsterName51060"""," ""时之使魔""",51060,67,-1,-1,99520,296,-1
" ""MonsterName51061"""," ""暴躁的鬼火""",51061,62,-1,-1,70020,287,-1
" ""MonsterName51062"""," ""忧愁的鬼火""",51062,62,-1,-1,70020,287,-1
" ""MonsterName51063"""," ""焦虑的鬼火""",51063,62,-1,-1,70020,287,-1
" ""MonsterName51064"""," ""银珠""",51064,62,-1,-1,75020,287,-1
" ""MonsterName51065"""," ""突然出现的鬼女""",51065,62,-1,-1,60020,287,-1
" ""MonsterName51066"""," ""妖狐姥姥""",51066,62,-1,-1,79020,287,-1
" ""MonsterName51067"""," ""愤怒的大脚熊""",51067,60,-1,-1,99520,296,-1
" ""MonsterName51068"""," ""饥饿的狼""",51068,63,-1,-1,99520,296,-1
" ""MonsterName51069"""," ""斗篷男""",51069,67,-1,-1,99520,296,-1
" ""MonsterName51070"""," ""溜溜猴喽啰""",51070,67,-1,-1,99520,296,-1
" ""MonsterName51071"""," ""溜溜猴头目""",51071,67,-1,-1,149520,296,-1
" ""MonsterName51072"""," ""惠勒""",51072,74,-1,-1,693727,296,-1
" ""MonsterName51073"""," ""不怀好意的盗贼""",51073,74,-1,-1,349520,296,-1
" ""MonsterName51074"""," ""不怀好意的盗贼""",51074,74,-1,-1,349520,296,-1
" ""MonsterName51075"""," ""不怀好意的盗贼""",51075,74,-1,-1,349520,296,-1
" ""MonsterName51076"""," ""不怀好意的盗贼""",51076,74,-1,-1,349520,296,-1
" ""MonsterName51077"""," ""不怀好意的盗贼""",51077,74,-1,-1,349520,296,-1
" ""MonsterName51078"""," ""盗贼守卫""",51078,74,-1,-1,699520,296,-1
" ""MonsterName51079"""," ""游荡的兽人腐尸""",51079,74,-1,-1,349520,296,-1
" ""MonsterName51080"""," ""变异的邪骸兽人""",51080,74,-1,-1,349520,296,-1
" ""MonsterName51081"""," ""小恶魔""",51081,76,-1,-1,349520,300,-1
" ""MonsterName51082"""," ""西比尔""",51082,74,-1,-1,749520,296,-1
" ""MonsterName51083"""," ""风魔巫师""",51083,75,-1,-1,746203,300,-1
" ""MonsterName51084"""," ""绿腐尸""",51084,74,-1,-1,559520,296,-1
" ""MonsterName51085"""," ""南瓜先生""",51085,74,-1,-1,379520,296,-1
" ""MonsterName51086"""," ""傀儡娃娃""",51086,75,-1,-1,579520,296,-1
" ""MonsterName51087"""," ""杜鲁门""",51087,76,-1,-1,759520,296,-1
" ""MonsterName51088"""," ""被诱惑的波利""",51088,71,-1,-1,443233,702,-1
" ""MonsterName51089"""," ""被诱惑的天使波利""",51089,71,-1,-1,483233,702,-1
" ""MonsterName51090"""," ""围攻的波波利""",51090,71,-1,-1,453233,702,-1
" ""MonsterName51091"""," ""巨型橘猫""",51091,72,-1,-1,495508,624,-1
" ""MonsterName51092"""," ""哈沃德""",51092,74,-1,-1,544424,685,-1
" ""MonsterName51093"""," ""暴躁的犬妖族卫兵""",51093,77,-1,-1,616211,706,-1
" ""MonsterName51094"""," ""聚集的哥布灵""",51094,77,-1,-1,586211,706,-1
" ""MonsterName51091"""," ""巨型橘猫""",51095,72,-1,-1,495508,624,-1
" ""MonsterName51096"""," ""安伯""",51096,77,-1,-1,629520,350,-1
" ""MonsterName51097"""," ""愤怒的哥布灵""",51097,77,-1,-1,338385,427,-1
" ""MonsterName51098"""," ""愤怒的兽人英雄""",51098,76,-1,-1,767743,400,-1
" ""MonsterName51099"""," ""愤怒的犬妖族卫兵""",51099,69,-1,-1,236322,300,-1
" ""MonsterName51078"""," ""盗贼守卫""",51100,67,-1,-1,149520,296,-1
" ""MonsterName10024"""," ""沙漠之狼""",51101,30,-1,-1,9900,97,-1
" ""MonsterName51102"""," ""死灵""",51102,78,-1,-1,849656,360,-1
" ""MonsterName51103"""," ""装神弄鬼的米诺斯""",51103,80,-1,-1,99439561,5805,-1
" ""MonsterName51104"""," ""围攻的魔物""",51104,82,-1,-1,1020492,975,-1
" ""MonsterName51073"""," ""不怀好意的盗贼""",51105,74,-1,-1,349520,296,-1
" ""MonsterName51078"""," ""盗贼守卫""",51106,67,-1,-1,149520,296,-1
" ""MonsterName51107"""," ""流氓团伙喽啰""",51107,72,-1,-1,500000,296,-1
" ""MonsterName51108"""," ""沙漠之狼""",51108,72,-1,-1,149520,296,-1
" ""MonsterName51109"""," ""暴躁的伞蜥""",51109,72,-1,-1,149520,296,-1
" ""MonsterName51110"""," ""流氓团伙喽啰""",51110,72,-1,-1,500000,296,-1
" ""MonsterName51111"""," ""流氓团伙喽啰""",51111,72,-1,-1,500000,296,-1
" ""MonsterName51112"""," ""歌蒂""",51112,72,-1,-1,149520,296,-1
" ""MonsterName51113"""," ""愤怒的贫民""",51113,72,-1,-1,149520,296,-1
" ""MonsterName51114"""," ""愤怒的贫民""",51114,72,-1,-1,149520,296,-1
" ""MonsterName10179"""," ""贤者虫""",51115,84,-1,-1,9439561,5644,-1
" ""MonsterName51116"""," ""徘徊的瑞比欧""",51116,-1,-1,-1,1764392,1134,-1
" ""MonsterName51117"""," ""围攻的魔物""",51117,-1,-1,-1,1176262,473,-1
" ""MonsterName51118"""," ""狡诈的强盗""",51118,80,-1,-1,1764392,1134,-1
" ""MonsterName51116"""," ""徘徊的瑞比欧""",51119,-1,-1,-1,1764392,1134,-1
" ""MonsterName10025"""," ""伞蜥""",51125,54,166,166,105379,364,72
" ""MonsterName51126"""," ""行刺者""",51126,88,-1,-1,1847317,485,-1
" ""MonsterName51127"""," ""盗取金币的哥布灵""",51127,79,-1,-1,1847317,485,-1
" ""MonsterName51128"""," ""躁动的恶灵""",51128,75,-1,-1,1847317,485,-1
" ""NpcName64227"""," ""兰德尔""",51129,86,-1,-1,2036084,819,-1
" ""MonsterName51130"""," ""发狂的时之使魔""",51130,80,-1,-1,1122682,922,-1
" ""MonsterName51131"""," ""发狂的时之使魔""",51131,80,-1,-1,1122682,922,-1
" ""MonsterName51132"""," ""机械守护者""",51132,88,-1,-1,1847317,485,-1
" ""MonsterName51133"""," ""机械守护者""",51133,88,-1,-1,1847317,485,-1
" ""MonsterName51134"""," ""机械改造体""",51134,88,418,418,1847317,485,132
" ""MonsterName51135"""," ""丧失理智的疯病患""",51135,88,418,418,1847317,485,132
" ""MonsterName51136"""," ""神使信者""",51136,88,418,418,1847317,485,132
" ""MonsterName51137"""," ""丧失理智的疯病患（父亲）""",51137,88,418,418,1847317,485,132
" ""MonsterName51138"""," ""丧失理智的疯病患（母亲）""",51138,88,418,418,1847317,485,132
" ""MonsterName51139"""," ""丧失理智的疯病患（弟弟）""",51139,88,418,418,1847317,485,132
" ""MonsterName51140"""," ""年轻的剧团学徒""",51140,72,-1,-1,500000,296,-1
" ""MonsterName51141"""," ""资深剧团学徒""",51141,72,-1,-1,500000,296,-1
" ""MonsterName51142"""," ""剧团明星""",51142,72,-1,-1,500000,296,-1
" ""普尔曼"""," ""被诱惑的波利""",51143,71,-1,-1,443233,702,-1
" ""MonsterName51144"""," ""绣灵的男友""",51144,1,-1,-1,500,29,-1
" ""MonsterName52001"""," ""寻宝的刺锤哥布灵""",52001,35,-1,-1,5300,131,-1
" ""MonsterName52002"""," ""寻宝的大斧哥布灵""",52002,36,-1,-1,5900,140,-1
" ""MonsterName52003"""," ""寻宝的弓箭哥布灵""",52003,36,-1,-1,2950,140,-1
" ""MonsterName10001"""," ""波利""",53001,1,-1,-1,55,3,-1
" ""MonsterName10002"""," ""绿棉虫""",53002,1,-1,-1,65,4,-1
" ""MonsterName10003"""," ""虫蛹""",53003,1,-1,-1,75,5,-1
" ""MonsterName10004"""," ""疯兔""",53004,1,-1,-1,85,6,-1
" ""MonsterName10005"""," ""盗虫卵""",53005,1,-1,-1,385,18,-1
" ""MonsterName10006"""," ""苍蝇""",53006,1,-1,-1,315,16,-1
" ""MonsterName10007"""," ""树精""",53007,1,-1,-1,205,13,-1
" ""MonsterName10008"""," ""罗达蛙""",53008,1,-1,-1,5451,94,-1
" ""MonsterName10009"""," ""盗虫""",53009,1,-1,-1,555,22,-1
" ""MonsterName10010"""," ""蝗虫""",53010,1,-1,-1,255,15,-1
" ""MonsterName10011"""," ""小鸡""",53011,1,-1,-1,115,8,-1
" ""MonsterName10012"""," ""土波利""",53012,1,-1,-1,125,9,-1
" ""MonsterName10013"""," ""大嘴鸟蛋""",53013,1,-1,-1,95,7,-1
" ""MonsterName10014"""," ""秃鹰""",53014,1,-1,-1,145,10,-1
" ""MonsterName10015"""," ""小野猪""",53015,1,-1,-1,675,24,-1
" ""MonsterName10016"""," ""沙漠幼狼""",53016,1,-1,-1,955,29,-1
" ""MonsterName10017"""," ""大嘴鸟""",53017,1,-1,-1,13651,174,-1
" ""MonsterName10018"""," ""摩卡""",53018,1,-1,-1,12658,166,-1
" ""MonsterName10019"""," ""重金属蝗虫""",53019,1,-1,-1,14703,182,-1
" ""MonsterName10020"""," ""毒蛇""",53020,1,-1,-1,15815,191,-1
" ""MonsterName10021"""," ""蝎子""",53021,1,-1,-1,16992,199,-1
" ""MonsterName10022"""," ""巨石怪""",53022,1,-1,-1,18234,208,-1
" ""MonsterName10023"""," ""蚯蚓""",53023,1,-1,-1,20927,226,-1
" ""MonsterName10024"""," ""沙漠之狼""",53024,1,-1,-1,22383,236,-1
" ""MonsterName10025"""," ""伞蜥""",53025,1,-1,-1,27667,274,-1
" ""MonsterName10026"""," ""泥人""",53026,1,-1,-1,117390,752,-1
" ""MonsterName10027"""," ""蜂兵""",53027,1,-1,-1,1576,41,-1
" ""MonsterName10028"""," ""蜗牛""",53028,1,-1,-1,2005,48,-1
" ""MonsterName10029"""," ""森灵""",53029,1,-1,-1,39648,359,-1
" ""MonsterName10030"""," ""猎蝇""",53030,1,-1,-1,4890,88,-1
" ""MonsterName10031"""," ""锹形虫""",53031,1,-1,-1,7421,117,-1
" ""MonsterName10032"""," ""狂暴野猫""",53032,1,-1,-1,117390,752,-1
" ""MonsterName10033"""," ""黑蛇""",53033,1,-1,-1,18234,208,-1
" ""MonsterName10034"""," ""毕帝特地龙""",53034,1,-1,-1,72030,550,-1
" ""MonsterName10035"""," ""毕帝特飞龙""",53035,1,-1,-1,74250,562,-1
" ""MonsterName10036"""," ""长老树精""",53036,1,-1,-1,46470,403,-1
" ""MonsterName10037"""," ""转转蛋""",53037,1,-1,-1,54085,450,-1
" ""MonsterName10038"""," ""大脚熊""",53038,1,-1,-1,41282,369,-1
" ""MonsterName10039"""," ""野猪""",53039,1,-1,-1,14703,182,-1
" ""MonsterName10040"""," ""魔锅蛋""",53040,1,-1,-1,19545,217,-1
" ""MonsterName10041"""," ""土人""",53041,1,-1,-1,50175,426,-1
" ""MonsterName10042"""," ""鬼火""",53042,1,-1,-1,55905,461,-1
" ""MonsterName10043"""," ""将军魔碑""",53043,1,-1,-1,50175,426,-1
" ""MonsterName10044"""," ""吸血蝙蝠""",53044,1,-1,-1,805,26,-1
" ""MonsterName10045"""," ""魔菇""",53045,1,-1,-1,2517,56,-1
" ""MonsterName10046"""," ""漂浮虫""",53046,1,-1,-1,1390,37,-1
" ""MonsterName10047"""," ""白鼠""",53047,1,-1,-1,1781,44,-1
" ""MonsterName10048"""," ""浮勒盗虫""",53048,1,-1,-1,1100,31,-1
" ""MonsterName10049"""," ""玛勒盗虫""",53049,1,-1,-1,2250,52,-1
" ""MonsterName10050"""," ""狼""",53050,1,-1,-1,42963,380,-1
" ""MonsterName10051"""," ""曼陀罗魔花""",53051,1,-1,-1,455,20,-1
" ""MonsterName10052"""," ""波波利""",53052,1,-1,-1,1221,34,-1
" ""MonsterName10053"""," ""青蛇""",53053,1,-1,-1,41282,369,-1
" ""MonsterName10054"""," ""克瑞米""",53054,1,-1,-1,2807,60,-1
" ""MonsterName10055"""," ""瓢虫""",53055,1,-1,-1,4374,81,-1
" ""MonsterName10056"""," ""绿苍蝇""",53056,1,-1,-1,3462,69,-1
" ""MonsterName10057"""," ""松鼠""",53057,1,-1,-1,4374,81,-1
" ""MonsterName10058"""," ""狸猫""",53058,1,-1,-1,4890,88,-1
" ""MonsterName10059"""," ""刺猬虫""",53059,1,-1,-1,6058,102,-1
" ""MonsterName10060"""," ""溜溜猴""",53060,1,-1,-1,8182,125,-1
" ""MonsterName10061"""," ""邪骸海盗""",53061,1,-1,-1,9878,142,-1
" ""MonsterName10062"""," ""邪骸食人鱼""",53062,1,-1,-1,119868,762,-1
" ""MonsterName10063"""," ""毒魔菇""",53063,1,-1,-1,3121,64,-1
" ""MonsterName10064"""," ""白幽灵""",53064,1,-1,-1,11722,158,-1
" ""MonsterName10065"""," ""库克雷""",53065,1,-1,-1,6714,109,-1
" ""MonsterName10066"""," ""海葵""",53066,1,-1,-1,7421,117,-1
" ""MonsterName10067"""," ""贝壳魔灵""",53067,1,-1,-1,114942,742,-1
" ""MonsterName10068"""," ""螃蟹""",53068,1,-1,-1,25089,254,-1
" ""MonsterName10069"""," ""水母""",53069,1,-1,-1,26356,264,-1
" ""MonsterName10070"""," ""突变蛙""",53070,1,-1,-1,315,16,-1
" ""MonsterName10071"""," ""卡那多斯""",53071,1,-1,-1,29023,284,-1
" ""MonsterName10072"""," ""剑鱼""",53072,1,-1,-1,30425,294,-1
" ""MonsterName10073"""," ""气泡虫""",53073,1,-1,-1,33373,316,-1
" ""MonsterName10074"""," ""异变鱼""",53074,1,-1,-1,34920,327,-1
" ""MonsterName10075"""," ""人鱼""",53075,1,-1,-1,38060,348,-1
" ""MonsterName10076"""," ""乌贼""",53076,1,-1,-1,36518,338,-1
" ""MonsterName10077"""," ""人鱼士兵""",53077,1,-1,-1,135420,823,-1
" ""MonsterName10078"""," ""马克""",53078,1,-1,-1,48297,414,-1
" ""MonsterName10079"""," ""狄奥斯""",53079,1,-1,-1,52103,438,-1
" ""MonsterName10080"""," ""白蚁""",53080,1,-1,-1,22383,236,-1
" ""MonsterName10081"""," ""工蚁""",53081,1,-1,-1,23866,245,-1
" ""MonsterName10082"""," ""兵蚁""",53082,1,-1,-1,27667,274,-1
" ""MonsterName10083"""," ""黑蚁""",53083,1,-1,-1,29023,284,-1
" ""MonsterName10084"""," ""红蝙蝠""",53084,1,-1,-1,3898,75,-1
" ""MonsterName10085"""," ""基尔瑟""",53085,1,-1,-1,9000,133,-1
" ""MonsterName10086"""," ""卷甲虫""",53086,1,-1,-1,38060,348,-1
" ""MonsterName10087"""," ""石斧海盗骷髅""",53087,1,-1,-1,9000,133,-1
" ""MonsterName10088"""," ""腐尸""",53088,1,-1,-1,6714,109,-1
" ""MonsterName10089"""," ""僵尸""",53089,1,-1,-1,46470,403,-1
" ""MonsterName10090"""," ""妖道""",53090,1,-1,-1,48297,414,-1
" ""MonsterName10091"""," ""鬼女""",53091,1,-1,-1,52103,438,-1
" ""MonsterName10092"""," ""九尾狐""",53092,1,-1,-1,54085,450,-1
" ""MonsterName10093"""," ""土拨鼠""",53093,1,-1,-1,8182,125,-1
" ""MonsterName10094"""," ""邪骸矿工""",53094,1,-1,-1,10839,151,-1
" ""MonsterName10095"""," ""麦斯特""",53095,1,-1,-1,11722,158,-1
" ""MonsterName10096"""," ""暗神官""",53096,1,-1,-1,92180,645,-1
" ""MonsterName10097"""," ""邪骸战士""",53097,1,-1,-1,44692,392,-1
" ""MonsterName10098"""," ""邪骸弓箭手""",53098,1,-1,-1,26356,264,-1
" ""MonsterName10099"""," ""黑狐""",53099,1,-1,-1,20927,226,-1
" ""MonsterName10100"""," ""木乃伊""",53100,1,-1,-1,30425,294,-1
" ""MonsterName10101"""," ""毕莱特""",53101,1,-1,-1,31875,305,-1
" ""MonsterName10102"""," ""绿腐尸""",53102,1,-1,-1,67731,527,-1
" ""MonsterName10103"""," ""蛇女伊丝""",53103,1,-1,-1,33373,316,-1
" ""MonsterName10104"""," ""米洛斯""",53104,1,-1,-1,34920,326,-1
" ""MonsterName10105"""," ""艾斯蜘蛛""",53105,1,-1,-1,12658,166,-1
" ""MonsterName10106"""," ""螳螂""",53106,1,-1,-1,13651,174,-1
" ""MonsterName10107"""," ""噬人花""",53107,1,-1,-1,15815,191,-1
" ""MonsterName10108"""," ""艾吉欧蜈蚣""",53108,1,-1,-1,25089,254,-1
" ""MonsterName10109"""," ""刺锤哥布灵""",53109,1,-1,-1,59673,482,-1
" ""MonsterName10110"""," ""榔头哥布灵""",53110,1,-1,-1,63613,504,-1
" ""MonsterName10111"""," ""链锤哥布灵""",53111,1,-1,-1,55905,461,-1
" ""MonsterName10112"""," ""大斧哥布灵""",53112,1,-1,-1,67731,527,-1
" ""MonsterName10113"""," ""刺刀哥布灵""",53113,1,-1,-1,72030,550,-1
" ""MonsterName10114"""," ""弓箭哥布灵""",53114,1,-1,-1,76127,571,-1
" ""MonsterName10115"""," ""喷射哥布灵""",53115,1,-1,-1,83921,608,-1
" ""MonsterName10116"""," ""杰洛米""",53116,1,-1,-1,36518,338,-1
" ""MonsterName10117"""," ""诺可伊""",53117,1,-1,-1,39648,359,-1
" ""MonsterName10118"""," ""马尔杜克""",53118,1,-1,-1,31875,305,-1
" ""MonsterName10119"""," ""帕莎纳""",53119,1,-1,-1,42963,380,-1
" ""MonsterName10120"""," ""兽人腐尸""",53120,1,-1,-1,65649,516,-1
" ""MonsterName10121"""," ""兽人战士""",53121,1,-1,-1,63613,504,-1
" ""MonsterName10122"""," ""邪骸兽人""",53122,1,-1,-1,69857,539,-1
" ""MonsterName10123"""," ""兽人女战士""",53123,1,-1,-1,79966,589,-1
" ""MonsterName10124"""," ""兹诺克""",53124,1,-1,-1,81929,598,-1
" ""MonsterName10125"""," ""赤苍蝇""",53125,1,-1,-1,10839,151,-1
" ""MonsterName10126"""," ""兽人弓箭手""",53126,1,-1,-1,90071,636,-1
" ""MonsterName10127"""," ""兽人战士长""",53127,1,-1,-1,85942,617,-1
" ""MonsterName10128"""," ""刺锤犬妖""",53128,1,-1,-1,59673,482,-1
" ""MonsterName10129"""," ""榔头犬妖""",53129,1,-1,-1,65649,516,-1
" ""MonsterName10130"""," ""犬妖弓箭手""",53130,1,-1,-1,78032,580,-1
" ""MonsterName10131"""," ""大斧犬妖""",53131,1,-1,-1,83921,608,-1
" ""MonsterName10132"""," ""南瓜先生""",53132,1,-1,-1,61621,493,-1
" ""MonsterName10133"""," ""傀儡娃娃""",53133,1,-1,-1,69857,539,-1
" ""MonsterName10134"""," ""小恶魔""",53134,1,-1,-1,79966,589,-1
" ""MonsterName10135"""," ""梦魇""",53135,1,-1,-1,87992,626,-1
" ""MonsterName10143"""," ""蚂蚁幼虫""",53143,1,-1,-1,19545,217,-1
" ""MonsterName10145"""," ""邪骸士兵""",53145,1,-1,-1,23866,245,-1
" ""MonsterName10147"""," ""变异幽浮水母""",53147,1,-1,-1,6058,102,-1
" ""MonsterName10148"""," ""短剑海盗骷髅""",53148,1,-1,-1,9878,142,-1
" ""MonsterName10149"""," ""摇滚蝗虫""",53149,1,-1,-1,5451,94,-1
" ""MonsterName10150"""," ""雪熊""",53150,1,-1,-1,16992,199,-1
" ""MonsterName10151"""," ""小巴风特""",53151,1,-1,-1,74250,562,-1
" ""MonsterName10152"""," ""蛋壳小鸡""",53152,1,-1,-1,165,11,-1
" ""MonsterName10153"""," ""狂暴木乃伊""",53153,1,-1,-1,31875,305,-1
No Name," ""安毕斯""",53154,1,-1,-1,44692,392,-1
" ""MonsterName10155"""," ""巨大白幽灵""",53155,1,-1,-1,57768,471,-1
" ""MonsterName10156"""," ""狂暴小土人""",53156,1,-1,-1,57768,471,-1
" ""MonsterName10157"""," ""邪骸战士长""",53157,1,-1,-1,61621,493,-1
" ""MonsterName10158"""," ""兽人婴儿""",53158,1,-1,-1,57768,471,-1
" ""MonsterName10159"""," ""直升机哥布灵""",53159,1,-1,-1,57768,471,-1
" ""MonsterName10163"""," ""风魔巫师""",53163,1,-1,-1,412978,516,-1
" ""MonsterName10164"""," ""恶灵""",53164,1,-1,-1,1083422,524,-1
" ""MonsterName31002"""," ""波利之王""",53501,35,-1,-1,160326,65,-1
" ""MonsterName30001"""," ""天使波利""",53502,40,-1,-1,256298,181,-1
" ""MonsterName30002"""," ""黄金虫""",53503,45,-1,-1,406744,229,-1
" ""MonsterName30004"""," ""海盗之王""",53504,50,-1,-1,610637,284,-1
" ""MonsterName30003"""," ""恶魔波利""",53505,55,-1,-1,986965,341,-1
" ""MonsterName30013"""," ""俄塞里斯""",53506,60,-1,-1,1485478,406,-1
" ""MonsterName30007"""," ""蜂后""",53507,65,-1,-1,2269046,470,-1
" ""MonsterName30005"""," ""海神""",53508,70,-1,-1,3264210,541,-1
" ""MonsterName30008"""," ""皮里恩""",53509,75,-1,-1,4648344,606,-1
" ""MonsterName30009"""," ""蚁后""",53510,80,-1,-1,6329025,675,-1
" ""MonsterName31001"""," ""蛙王""",53511,-1,-1,-1,10834224,786,-1
" ""MonsterName30010"""," ""虎王""",53512,100,-1,-1,17480575,903,-1
" ""MonsterName31008"""," ""幽灵波利""",53513,105,-1,-1,21896882,964,-1
" ""MonsterName31009"""," ""大脚龙虾""",53514,110,-1,-1,26880516,1026,-1
" ""MonsterName30012"""," ""兽人英雄""",53515,115,-1,-1,32950226,1090,-1
" ""MonsterName30023"""," ""魔鬼大乌贼""",53516,120,-1,-1,39740085,1155,-1
" ""MonsterName31004"""," ""龙蝇""",53517,40,-1,-1,2014534,236,-1
" ""MonsterName31006"""," ""蓝疯兔""",53518,40,-1,-1,2014534,236,-1
" ""MonsterName30015"""," ""兽人酋长""",53519,70,-1,-1,11493900,281,-1
" ""MonsterName30011"""," ""月夜猫""",53520,70,-1,-1,4648344,606,-1
" ""MonsterName53997"""," ""魔碑守卫（左）""",53997,1,-1,-1,10,-1,-1
" ""MonsterName53998"""," ""魔碑守卫（右）""",53998,1,-1,-1,10,-1,-1
" ""MonsterName53999"""," ""木制宝箱""",53999,1,-1,-1,20,-1,-1
" ""MonsterName30006"""," ""哥布灵首领""",54001,2,-1,-1,5000,50,-1
" ""MonsterName10111"""," ""链锤哥布灵""",54002,1,-1,-1,500,-1,-1
" ""MonsterName10112"""," ""大斧哥布灵""",54003,1,-1,-1,500,-1,-1
" ""MonsterName10114"""," ""弓箭哥布灵""",54004,1,-1,-1,500,-1,-1
" ""MonsterName10045"""," ""魔菇""",54005,1,-1,-1,2000,-1,-1
" ""MonsterName10045"""," ""魔菇""",54006,1,-1,-1,1000,-1,-1
" ""MonsterName10045"""," ""魔菇""",54007,1,-1,-1,500,-1,-1
" ""MonsterName30018"""," ""巴风特""",54008,80,-1,-1,10000,-1,-1
" ""MonsterName54009"""," ""不死生物""",54009,40,-1,-1,6413,43,-1
" ""MonsterName54010"""," ""小偷""",54010,40,-1,-1,10252,121,-1
" ""MonsterName54011"""," ""狂暴麦斯特""",54011,60,-1,-1,39479,228,-1
" ""MonsterName54012"""," ""狂暴邪骸矿工""",54012,60,-1,-1,39479,228,-1
" ""MonsterName54012"""," ""狂暴邪骸矿工""",54013,60,-1,-1,148548,271,-1
" ""MonsterName54014"""," ""法老卫队""",54014,60,-1,-1,29914,204,-1
" ""MonsterName54015"""," ""法老卫队""",54015,60,-1,-1,29914,204,-1
" ""MonsterName54016"""," ""法老卫队长""",54016,60,-1,-1,43048,236,-1
" ""MonsterName54017"""," ""法老王塞提""",54017,60,-1,-1,59419,271,-1
" ""MonsterName54018"""," ""骑士""",54018,60,-1,-1,12156511,541,-1
" ""MonsterName54019"""," ""骑士队长""",54019,60,-1,-1,12156511,541,-1
" ""MonsterName54020"""," ""防卫军""",54020,60,-1,-1,12156511,541,-1
" ""MonsterName54021"""," ""城防卫队""",54021,60,-1,-1,12156511,541,-1
" ""MonsterName54022"""," ""菲兹""",54022,60,-1,-1,12156511,541,-1
" ""MonsterName54023"""," ""西蒙斯""",54023,60,-1,-1,12156511,541,-1
" ""MonsterName30018"""," ""巴风特""",54024,60,-1,-1,607825,676,-1
" ""MonsterName10145"""," ""邪骸士兵""",54025,60,-1,-1,121565,541,-1
" ""MonsterName54018"""," ""骑士""",54026,60,-1,-1,12156511,1,-1
" ""MonsterName54019"""," ""骑士队长""",54027,60,-1,-1,12156511,1,-1
" ""MonsterName54020"""," ""防卫军""",54028,60,-1,-1,12156511,1,-1
" ""MonsterName54021"""," ""城防卫队""",54029,60,-1,-1,12156511,1,-1
" ""MonsterName30017"""," ""法老王""",54030,60,-1,-1,59419,271,-1
" ""MonsterName10164"""," ""恶灵""",54031,60,-1,-1,39479,228,-1
" ""MonsterName10133"""," ""傀儡娃娃""",54032,60,-1,-1,39479,228,-1
" ""MonsterName10145"""," ""邪骸士兵""",54037,60,-1,-1,39479,228,-1
" ""MonsterName10164"""," ""恶灵""",54038,60,-1,-1,39479,228,-1
" ""MonsterName10133"""," ""傀儡娃娃""",54039,60,-1,-1,39479,228,-1
" ""MonsterName10064"""," ""白幽灵""",54050,40,-1,-1,500,-1,-1
" ""MonsterName10087"""," ""石斧海盗骷髅""",54051,40,-1,-1,2000,-1,-1
" ""MonsterName10098"""," ""邪骸弓箭手""",54052,40,-1,-1,2000,-1,-1
" ""MonsterName10135"""," ""梦魇""",54053,40,-1,-1,5000,50,-1
" ""MonsterName30003"""," ""恶魔波利""",54054,40,-1,-1,20000,100,-1
" ""MonsterName10001"""," ""波利""",55001,25,-1,-1,5700,69,-1
" ""MonsterName10134"""," ""小恶魔""",55002,60,-1,-1,485907,681,-1
" ""MonsterName10004"""," ""疯兔""",55004,20,-1,-1,3300,49,-1
" ""MonsterName10006"""," ""苍蝇""",55006,30,-1,-1,9900,97,-1
" ""MonsterName10008"""," ""罗达蛙""",55007,33,-1,-1,3921,37,-1
" ""MonsterName10050"""," ""狼""",55023,70,-1,-1,255005,234,-1
" ""MonsterName10024"""," ""沙漠之狼""",55024,70,-1,-1,9900,97,-1
" ""MonsterName10135"""," ""梦魇""",55025,-1,-1,-1,1514994,923,-1
" ""MonsterName10212"""," ""蝙蝠弓箭手""",55030,95,-1,-1,1959646,593,-1
" ""MonsterName10155"""," ""巨大白幽灵""",55052,25,-1,-1,5700,69,-1
" ""MonsterName10042"""," ""鬼火""",55100,60,950,950,1152230,402,320
" ""MonsterName10044"""," ""吸血蝙蝠""",55101,65,1100,1100,451910,581,350
" ""MonsterName10064"""," ""白幽灵""",55102,65,830,1380,903820,242,350
" ""MonsterName10089"""," ""僵尸""",55103,60,1900,1900,1975250,201,650
" ""MonsterName10090"""," ""妖道""",55104,65,2200,2200,2711450,484,710
" ""MonsterName10095"""," ""麦斯特""",55105,70,4690,2810,3616900,457,1160
" ""MonsterName10132"""," ""南瓜先生""",55106,65,1650,550,1581680,242,350
" ""MonsterName10133"""," ""傀儡娃娃""",55107,70,1250,1250,2109860,685,380
" ""MonsterName10155"""," ""巨大白幽灵""",55108,60,-1,-1,1000000,582,-1
" ""MonsterName10166"""," ""卡拉特小丑""",55109,60,-1,-1,1000000,922,-1
" ""MonsterName10167"""," ""邪恶使者""",55110,65,2750,1650,3615260,484,710
" ""MonsterName10168"""," ""幽灵剑士""",55111,70,2810,4690,7233790,285,1160
" ""MonsterName10170"""," ""幽灵弓箭手""",55112,70,2500,2500,4822530,571,770
" ""MonsterName10180"""," ""镜妖""",55113,60,-1,-1,1000000,-1,-1
" ""MonsterName10194"""," ""深渊骑士""",55114,70,5630,1880,7233790,685,1160
" ""MonsterName10195"""," ""血腥骑士""",55115,60,-1,-1,1000000,-1,-1
" ""MonsterName10163"""," ""风魔巫师""",55116,70,3750,1250,4822530,457,770
" ""MonsterName55118"""," ""巴风特""",55118,80,-1,-1,100000000,281,-1
" ""MonsterName55119"""," ""巴风特的残影""",55119,80,-1,-1,100000000,281,-1
" ""MonsterName30005"""," ""海神""",55120,60,-1,-1,6944227,643,-1
" ""MonsterName30011"""," ""月夜猫""",55121,70,-1,-1,-1,913,-1
" ""MonsterName30004"""," ""海盗之王""",55122,40,-1,-1,531195,145,-1
" ""MonsterName31008"""," ""幽灵波利""",55200,70,-1,-1,1000000,338,-1
" ""MonsterName31009"""," ""大脚龙虾""",55201,75,-1,-1,4867651,451,-1
" ""MonsterName30003"""," ""恶魔波利""",55202,80,-1,-1,6682500,563,-1
" ""MonsterName31004"""," ""龙蝇""",55203,65,-1,-1,2014534,236,-1
" ""MonsterName31001"""," ""蛙王""",55204,75,-1,-1,4867651,451,-1
" ""MonsterName31006"""," ""蓝疯兔""",55205,65,-1,-1,2014534,236,-1
" ""MonsterName31002"""," ""波利之王""",55206,70,-1,-1,3286636,338,-1
" ""MonsterName30001"""," ""天使波利""",55207,80,-1,-1,6682500,563,-1
" ""MonsterName30007"""," ""蜂后""",55300,65,-1,-1,4029069,236,-1
" ""MonsterName30008"""," ""皮里恩""",55301,65,-1,-1,4029069,236,-1
" ""MonsterName30023"""," ""魔鬼大乌贼""",55302,70,-1,-1,6573272,338,-1
" ""MonsterName30010"""," ""虎王""",55303,70,-1,-1,6573272,338,-1
" ""MonsterName30009"""," ""蚁后""",55304,75,-1,-1,9735301,451,-1
" ""MonsterName30012"""," ""兽人英雄""",55305,75,-1,-1,9735301,451,-1
" ""MonsterName30017"""," ""法老王""",55306,80,-1,-1,11493900,281,-1
" ""MonsterName30015"""," ""兽人酋长""",55307,80,-1,-1,11493900,281,-1
" ""MonsterName31006"""," ""蓝疯兔""",56001,40,-1,-1,2014534,236,-1
" ""MonsterName31004"""," ""龙蝇""",56002,40,-1,-1,2014534,236,-1
" ""MonsterName31002"""," ""波利之王""",56003,50,-1,-1,3286636,338,-1
" ""MonsterName31008"""," ""幽灵波利""",56004,50,-1,-1,3286636,338,-1
" ""MonsterName31009"""," ""大脚龙虾""",56005,60,-1,-1,4867651,451,-1
" ""MonsterName31001"""," ""蛙王""",56006,60,-1,-1,4867651,451,-1
" ""MonsterName30003"""," ""恶魔波利""",56007,70,-1,-1,6682500,563,-1
" ""MonsterName30001"""," ""天使波利""",56008,70,-1,-1,6682500,563,-1
" ""MonsterName30007"""," ""蜂后""",56009,40,-1,-1,4029069,236,-1
" ""MonsterName30008"""," ""皮里恩""",56010,40,-1,-1,4029069,236,-1
" ""MonsterName30023"""," ""魔鬼大乌贼""",56011,50,-1,-1,6573272,338,-1
" ""MonsterName30010"""," ""虎王""",56012,50,-1,-1,6573272,338,-1
" ""MonsterName30009"""," ""蚁后""",56013,60,-1,-1,9735301,451,-1
" ""MonsterName30012"""," ""兽人英雄""",56014,60,-1,-1,9735301,451,-1
" ""MonsterName30017"""," ""法老王""",56015,70,-1,-1,11493900,281,-1
" ""MonsterName30015"""," ""兽人酋长""",56016,70,-1,-1,11493900,281,-1
" ""MonsterName50084"""," ""防卫军""",57001,15,-1,-1,100000,11,-1
" """"",No Name,57002,15,-1,-1,100001,11,-1
" """"",No Name,57003,15,-1,-1,100002,11,-1
" """"",No Name,57004,15,-1,-1,100003,11,-1
" """"",No Name,57005,15,-1,-1,100004,11,-1
" """"",No Name,57006,15,-1,-1,100005,11,-1
" """"",No Name,57007,15,-1,-1,100006,11,-1
" """"",No Name,57008,15,-1,-1,100007,11,-1
" """"",No Name,57009,15,-1,-1,100008,11,-1
" """"",No Name,57010,15,-1,-1,100009,11,-1
" """"",No Name,57011,15,-1,-1,100010,11,-1
" """"",No Name,57012,15,-1,-1,100011,11,-1
" """"",No Name,57013,15,-1,-1,100012,11,-1
" """"",No Name,57014,15,-1,-1,519,11,-1
" """"",No Name,57015,15,-1,-1,519,11,-1
" """"",No Name,57016,15,-1,-1,519,11,-1
" """"",No Name,57017,15,-1,-1,519,11,-1
" """"",No Name,57018,15,-1,-1,519,11,-1
" """"",No Name,57019,40,-1,-1,26664,242,-1
" """"",No Name,57020,60,-1,-1,519,541,-1
" """"",No Name,57021,60,-1,-1,519,541,-1
" ""NpcName63001"""," ""塞尼亚""",57022,60,-1,-1,200007,541,-1
" """"",No Name,57023,60,-1,-1,200007,541,-1
" """"",No Name,57024,60,-1,-1,200007,541,-1
" """"",No Name,57025,60,-1,-1,200007,541,-1
" """"",No Name,57026,60,-1,-1,200007,541,-1
" """"",No Name,57027,60,-1,-1,200007,541,-1
" ""NpcName67007"""," ""陈流""",57028,60,-1,-1,2000007,541,-1
" ""NpcName64116"""," ""蒂莫西""",57029,60,-1,-1,2000007,541,-1
" ""MonsterName57030"""," ""卡瓦西""",57030,72,-1,-1,2000007,296,-1
" ""MonsterName57031"""," ""艾贝希""",57031,72,-1,-1,2000007,296,-1
" ""MonsterName50065"""," ""塞尼亚""",57032,72,-1,-1,2000007,296,-1
" ""MonsterName59000"""," ""华丽水晶""",59000,-1,-1,-1,9000,64,-1
" ""MonsterName10030"""," ""猎蝇""",71001,70,-1,-1,-1,2055,-1
" ""MonsterName10030"""," ""猎蝇""",71002,70,-1,-1,-1,2055,-1
" ""MonsterName10030"""," ""猎蝇""",71003,70,-1,-1,-1,2055,-1
" ""MonsterName10030"""," ""猎蝇""",71004,70,-1,-1,-1,2055,-1
" ""MonsterName10030"""," ""猎蝇""",71005,70,-1,-1,-1,2055,-1
" ""MonsterName10030"""," ""猎蝇""",71006,70,-1,-1,-1,2055,-1
" ""MonsterName10030"""," ""猎蝇""",71007,70,-1,-1,-1,2055,-1
" ""MonsterName10030"""," ""猎蝇""",71008,70,-1,-1,-1,2055,-1
" ""MonsterName10030"""," ""猎蝇""",71009,70,-1,-1,-1,2055,-1
" ""MonsterName19999"""," ""木桩人""",71099,-1,-1,-1,16840230,737,-1
" ""MonsterName10063"""," ""毒魔菇""",71101,70,-1,-1,-1,2055,-1
" ""MonsterName10063"""," ""毒魔菇""",71102,70,-1,-1,-1,2055,-1
" ""MonsterName10063"""," ""毒魔菇""",71103,70,-1,-1,-1,2055,-1
" ""MonsterName10063"""," ""毒魔菇""",71104,70,-1,-1,-1,2055,-1
" ""MonsterName10063"""," ""毒魔菇""",71105,70,-1,-1,-1,2055,-1
" ""MonsterName10063"""," ""毒魔菇""",71106,70,-1,-1,-1,2055,-1
" ""MonsterName10063"""," ""毒魔菇""",71107,70,-1,-1,-1,2055,-1
" ""MonsterName10063"""," ""毒魔菇""",71108,70,-1,-1,-1,2055,-1
" ""MonsterName10063"""," ""毒魔菇""",71109,70,-1,-1,-1,2055,-1
" ""MonsterName10068"""," ""螃蟹""",71201,80,-1,-1,25655958,2769,-1
" ""MonsterName10068"""," ""螃蟹""",71202,80,-1,-1,25655958,2769,-1
" ""MonsterName10068"""," ""螃蟹""",71203,80,-1,-1,25655958,2769,-1
" ""MonsterName10068"""," ""螃蟹""",71204,80,-1,-1,25655958,2769,-1
" ""MonsterName10068"""," ""螃蟹""",71205,80,-1,-1,25655958,2769,-1
" ""MonsterName10068"""," ""螃蟹""",71206,80,-1,-1,25655958,2769,-1
" ""MonsterName10068"""," ""螃蟹""",71207,80,-1,-1,25655958,2769,-1
" ""MonsterName10068"""," ""螃蟹""",71208,80,-1,-1,25655958,2769,-1
" ""MonsterName10068"""," ""螃蟹""",71209,80,-1,-1,25655958,2769,-1
" ""MonsterName10148"""," ""短剑海盗骷髅""",71301,80,-1,-1,25655958,2769,-1
" ""MonsterName10148"""," ""短剑海盗骷髅""",71302,80,-1,-1,25655958,2769,-1
" ""MonsterName10148"""," ""短剑海盗骷髅""",71303,80,-1,-1,25655958,2769,-1
" ""MonsterName10148"""," ""短剑海盗骷髅""",71304,80,-1,-1,25655958,2769,-1
" ""MonsterName10148"""," ""短剑海盗骷髅""",71305,80,-1,-1,25655958,2769,-1
" ""MonsterName10148"""," ""短剑海盗骷髅""",71306,80,-1,-1,25655958,2769,-1
" ""MonsterName10148"""," ""短剑海盗骷髅""",71307,80,-1,-1,25655958,2769,-1
" ""MonsterName10148"""," ""短剑海盗骷髅""",71308,80,-1,-1,25655958,2769,-1
" ""MonsterName10148"""," ""短剑海盗骷髅""",71309,80,-1,-1,25655958,2769,-1
" ""MonsterName20002"""," ""邪骸海盗队长""",71401,80,-1,-1,25655958,2769,-1
" ""MonsterName20002"""," ""邪骸海盗队长""",71402,80,-1,-1,25655958,2769,-1
" ""MonsterName20002"""," ""邪骸海盗队长""",71403,80,-1,-1,25655958,2769,-1
" ""MonsterName20002"""," ""邪骸海盗队长""",71404,80,-1,-1,25655958,2769,-1
" ""MonsterName20002"""," ""邪骸海盗队长""",71405,80,-1,-1,25655958,2769,-1
" ""MonsterName20002"""," ""邪骸海盗队长""",71406,80,-1,-1,25655958,2769,-1
" ""MonsterName20002"""," ""邪骸海盗队长""",71407,80,-1,-1,25655958,2769,-1
" ""MonsterName20002"""," ""邪骸海盗队长""",71408,80,-1,-1,25655958,2769,-1
" ""MonsterName20002"""," ""邪骸海盗队长""",71409,80,-1,-1,25655958,2769,-1
" ""MonsterName10069"""," ""水母""",71501,-1,-1,-1,50232338,3072,-1
" ""MonsterName10069"""," ""水母""",71502,-1,-1,-1,50232338,3072,-1
" ""MonsterName10069"""," ""水母""",71503,-1,-1,-1,50232338,3072,-1
" ""MonsterName10069"""," ""水母""",71504,-1,-1,-1,50232338,3072,-1
" ""MonsterName10069"""," ""水母""",71505,-1,-1,-1,50232338,3072,-1
" ""MonsterName10069"""," ""水母""",71506,-1,-1,-1,50232338,3072,-1
" ""MonsterName10069"""," ""水母""",71507,-1,-1,-1,50232338,3072,-1
" ""MonsterName10069"""," ""水母""",71508,-1,-1,-1,50232338,3072,-1
" ""MonsterName10069"""," ""水母""",71509,-1,-1,-1,50232338,3072,-1
" ""MonsterName10078"""," ""马克""",71601,-1,-1,-1,50232338,3072,-1
" ""MonsterName10078"""," ""马克""",71602,-1,-1,-1,50232338,3072,-1
" ""MonsterName10078"""," ""马克""",71603,-1,-1,-1,50232338,3072,-1
" ""MonsterName10078"""," ""马克""",71604,-1,-1,-1,50232338,3072,-1
" ""MonsterName10078"""," ""马克""",71605,-1,-1,-1,50232338,3072,-1
" ""MonsterName10078"""," ""马克""",71606,-1,-1,-1,50232338,3072,-1
" ""MonsterName10078"""," ""马克""",71607,-1,-1,-1,50232338,3072,-1
" ""MonsterName10078"""," ""马克""",71608,-1,-1,-1,50232338,3072,-1
" ""MonsterName10078"""," ""马克""",71609,-1,-1,-1,50232338,3072,-1
" ""MonsterName10040"""," ""魔锅蛋""",71701,-1,-1,-1,50232338,3072,-1
" ""MonsterName10040"""," ""魔锅蛋""",71702,-1,-1,-1,50232338,3072,-1
" ""MonsterName10040"""," ""魔锅蛋""",71703,-1,-1,-1,50232338,3072,-1
" ""MonsterName10040"""," ""魔锅蛋""",71704,-1,-1,-1,50232338,3072,-1
" ""MonsterName10040"""," ""魔锅蛋""",71705,-1,-1,-1,50232338,3072,-1
" ""MonsterName10040"""," ""魔锅蛋""",71706,-1,-1,-1,50232338,3072,-1
" ""MonsterName10040"""," ""魔锅蛋""",71707,-1,-1,-1,50232338,3072,-1
" ""MonsterName10040"""," ""魔锅蛋""",71708,-1,-1,-1,50232338,3072,-1
" ""MonsterName10040"""," ""魔锅蛋""",71709,-1,-1,-1,50232338,3072,-1
" ""MonsterName10025"""," ""伞蜥""",71801,-1,-1,-1,-1,1370,-1
" ""MonsterName10025"""," ""伞蜥""",71802,-1,-1,-1,-1,1370,-1
" ""MonsterName10025"""," ""伞蜥""",71803,-1,-1,-1,-1,1370,-1
" ""MonsterName10025"""," ""伞蜥""",71804,-1,-1,-1,-1,1370,-1
" ""MonsterName10025"""," ""伞蜥""",71805,-1,-1,-1,-1,1370,-1
" ""MonsterName10025"""," ""伞蜥""",71806,-1,-1,-1,-1,1370,-1
" ""MonsterName10025"""," ""伞蜥""",71807,-1,-1,-1,-1,1370,-1
" ""MonsterName10025"""," ""伞蜥""",71808,-1,-1,-1,-1,1370,-1
" ""MonsterName10025"""," ""伞蜥""",71809,-1,-1,-1,-1,1370,-1
" ""MonsterName10022"""," ""巨石怪""",71901,-1,-1,-1,50232338,3072,-1
" ""MonsterName10022"""," ""巨石怪""",71902,-1,-1,-1,50232338,3072,-1
" ""MonsterName10022"""," ""巨石怪""",71903,-1,-1,-1,50232338,3072,-1
" ""MonsterName10022"""," ""巨石怪""",71904,-1,-1,-1,50232338,3072,-1
" ""MonsterName10022"""," ""巨石怪""",71905,-1,-1,-1,50232338,3072,-1
" ""MonsterName10022"""," ""巨石怪""",71906,-1,-1,-1,50232338,3072,-1
" ""MonsterName10022"""," ""巨石怪""",71907,-1,-1,-1,50232338,3072,-1
" ""MonsterName10022"""," ""巨石怪""",71908,-1,-1,-1,50232338,3072,-1
" ""MonsterName10022"""," ""巨石怪""",71909,-1,-1,-1,50232338,3072,-1
" ""MonsterName10166"""," ""卡拉特小丑""",72000,40,1000,1000,100000,95,400
" ""MonsterName72001"""," ""黄金波利""",72001,1,32,32,444444,6,18
" ""MonsterName10156"""," ""狂暴小土人""",72101,-1,-1,-1,-1,1370,-1
" ""MonsterName10156"""," ""狂暴小土人""",72102,-1,-1,-1,-1,1370,-1
" ""MonsterName10156"""," ""狂暴小土人""",72103,-1,-1,-1,-1,1370,-1
" ""MonsterName10156"""," ""狂暴小土人""",72104,-1,-1,-1,-1,1370,-1
" ""MonsterName10156"""," ""狂暴小土人""",72105,-1,-1,-1,-1,1370,-1
" ""MonsterName10156"""," ""狂暴小土人""",72106,-1,-1,-1,-1,1370,-1
" ""MonsterName10156"""," ""狂暴小土人""",72107,-1,-1,-1,-1,1370,-1
" ""MonsterName10156"""," ""狂暴小土人""",72108,-1,-1,-1,-1,1370,-1
" ""MonsterName10156"""," ""狂暴小土人""",72109,-1,-1,-1,-1,1370,-1
" ""MonsterName10090"""," ""妖道""",72201,-1,-1,-1,-1,1370,-1
" ""MonsterName10090"""," ""妖道""",72202,-1,-1,-1,-1,1370,-1
" ""MonsterName10090"""," ""妖道""",72203,-1,-1,-1,-1,1370,-1
" ""MonsterName10090"""," ""妖道""",72204,-1,-1,-1,-1,1370,-1
" ""MonsterName10090"""," ""妖道""",72205,-1,-1,-1,-1,1370,-1
" ""MonsterName10090"""," ""妖道""",72206,-1,-1,-1,-1,1370,-1
" ""MonsterName10090"""," ""妖道""",72207,-1,-1,-1,-1,1370,-1
" ""MonsterName10090"""," ""妖道""",72208,-1,-1,-1,-1,1370,-1
" ""MonsterName10090"""," ""妖道""",72209,-1,-1,-1,-1,1370,-1
" ""MonsterName10134"""," ""小恶魔""",72301,-1,-1,-1,-1,1370,-1
" ""MonsterName10134"""," ""小恶魔""",72302,-1,-1,-1,-1,1370,-1
" ""MonsterName10134"""," ""小恶魔""",72303,-1,-1,-1,-1,1370,-1
" ""MonsterName10134"""," ""小恶魔""",72304,-1,-1,-1,-1,1370,-1
" ""MonsterName10134"""," ""小恶魔""",72305,-1,-1,-1,-1,1370,-1
" ""MonsterName10134"""," ""小恶魔""",72306,-1,-1,-1,-1,1370,-1
" ""MonsterName10134"""," ""小恶魔""",72307,-1,-1,-1,-1,1370,-1
" ""MonsterName10134"""," ""小恶魔""",72308,-1,-1,-1,-1,1370,-1
" ""MonsterName10134"""," ""小恶魔""",72309,-1,-1,-1,-1,1370,-1
" ""MonsterName10193"""," ""邪骸浪人""",72401,-1,-1,-1,-1,1370,-1
" ""MonsterName10193"""," ""邪骸浪人""",72402,-1,-1,-1,-1,1370,-1
" ""MonsterName10193"""," ""邪骸浪人""",72403,-1,-1,-1,-1,1370,-1
" ""MonsterName10193"""," ""邪骸浪人""",72404,-1,-1,-1,-1,1370,-1
" ""MonsterName10193"""," ""邪骸浪人""",72405,-1,-1,-1,-1,1370,-1
" ""MonsterName10193"""," ""邪骸浪人""",72406,-1,-1,-1,-1,1370,-1
" ""MonsterName10193"""," ""邪骸浪人""",72407,-1,-1,-1,-1,1370,-1
" ""MonsterName10193"""," ""邪骸浪人""",72408,-1,-1,-1,-1,1370,-1
" ""MonsterName10193"""," ""邪骸浪人""",72409,-1,-1,-1,-1,1370,-1
" ""MonsterName10132"""," ""南瓜先生""",72501,-1,-1,-1,-1,1370,-1
" ""MonsterName10132"""," ""南瓜先生""",72502,-1,-1,-1,-1,1370,-1
" ""MonsterName10132"""," ""南瓜先生""",72503,-1,-1,-1,-1,1370,-1
" ""MonsterName10132"""," ""南瓜先生""",72504,-1,-1,-1,-1,1370,-1
" ""MonsterName10132"""," ""南瓜先生""",72505,-1,-1,-1,-1,1370,-1
" ""MonsterName10132"""," ""南瓜先生""",72506,-1,-1,-1,-1,1370,-1
" ""MonsterName10132"""," ""南瓜先生""",72507,-1,-1,-1,-1,1370,-1
" ""MonsterName10132"""," ""南瓜先生""",72508,-1,-1,-1,-1,1370,-1
" ""MonsterName10132"""," ""南瓜先生""",72509,-1,-1,-1,-1,1370,-1
" ""MonsterName10185"""," ""艾斯恩魔女""",72601,-1,-1,-1,-1,1370,-1
" ""MonsterName10185"""," ""艾斯恩魔女""",72602,-1,-1,-1,-1,1370,-1
" ""MonsterName10185"""," ""艾斯恩魔女""",72603,-1,-1,-1,-1,1370,-1
" ""MonsterName10185"""," ""艾斯恩魔女""",72604,-1,-1,-1,-1,1370,-1
" ""MonsterName10185"""," ""艾斯恩魔女""",72605,-1,-1,-1,-1,1370,-1
" ""MonsterName10185"""," ""艾斯恩魔女""",72606,-1,-1,-1,-1,1370,-1
" ""MonsterName10185"""," ""艾斯恩魔女""",72607,-1,-1,-1,-1,1370,-1
" ""MonsterName10185"""," ""艾斯恩魔女""",72608,-1,-1,-1,-1,1370,-1
" ""MonsterName10185"""," ""艾斯恩魔女""",72609,-1,-1,-1,-1,1370,-1
" ""MonsterName10166"""," ""卡拉特小丑""",72701,-1,-1,-1,-1,1370,-1
" ""MonsterName10166"""," ""卡拉特小丑""",72702,-1,-1,-1,-1,1370,-1
" ""MonsterName10166"""," ""卡拉特小丑""",72703,-1,-1,-1,-1,1370,-1
" ""MonsterName10166"""," ""卡拉特小丑""",72704,-1,-1,-1,-1,1370,-1
" ""MonsterName10166"""," ""卡拉特小丑""",72705,-1,-1,-1,-1,1370,-1
" ""MonsterName10166"""," ""卡拉特小丑""",72706,-1,-1,-1,-1,1370,-1
" ""MonsterName10166"""," ""卡拉特小丑""",72708,-1,-1,-1,-1,1370,-1
" ""MonsterName10166"""," ""卡拉特小丑""",72709,-1,-1,-1,-1,1370,-1
" ""MonsterName10195"""," ""血腥骑士""",72801,-1,-1,-1,-1,1370,-1
" ""MonsterName10195"""," ""血腥骑士""",72802,-1,-1,-1,-1,1370,-1
" ""MonsterName10195"""," ""血腥骑士""",72803,-1,-1,-1,-1,1370,-1
" ""MonsterName10195"""," ""血腥骑士""",72804,-1,-1,-1,-1,1370,-1
" ""MonsterName10195"""," ""血腥骑士""",72805,-1,-1,-1,-1,1370,-1
" ""MonsterName10195"""," ""血腥骑士""",72806,-1,-1,-1,-1,1370,-1
" ""MonsterName10195"""," ""血腥骑士""",72807,-1,-1,-1,-1,1370,-1
" ""MonsterName10195"""," ""血腥骑士""",72808,-1,-1,-1,-1,1370,-1
" ""MonsterName10195"""," ""血腥骑士""",72809,-1,-1,-1,-1,1370,-1
No Name," ""安毕斯""",72901,-1,-1,-1,-1,1370,-1
No Name," ""安毕斯""",72902,-1,-1,-1,-1,1370,-1
No Name," ""安毕斯""",72903,-1,-1,-1,-1,1370,-1
No Name," ""安毕斯""",72904,-1,-1,-1,-1,1370,-1
No Name," ""安毕斯""",72905,-1,-1,-1,-1,1370,-1
No Name," ""安毕斯""",72906,-1,-1,-1,-1,1370,-1
No Name," ""安毕斯""",72907,-1,-1,-1,-1,1370,-1
No Name," ""安毕斯""",72908,-1,-1,-1,-1,1370,-1
No Name," ""安毕斯""",72909,-1,-1,-1,-1,1370,-1
No Name," ""安毕斯""",73001,-1,-1,-1,-1,1370,-1
No Name," ""安毕斯""",73002,-1,-1,-1,-1,1370,-1
No Name," ""安毕斯""",73003,-1,-1,-1,-1,1370,-1
No Name," ""安毕斯""",73004,-1,-1,-1,-1,1370,-1
No Name," ""安毕斯""",73005,-1,-1,-1,-1,1370,-1
No Name," ""安毕斯""",73006,-1,-1,-1,-1,1370,-1
No Name," ""安毕斯""",73007,-1,-1,-1,-1,1370,-1
No Name," ""安毕斯""",73008,-1,-1,-1,-1,1370,-1
No Name," ""安毕斯""",73009,-1,-1,-1,-1,1370,-1
" ""MonsterName10001"""," ""波利""",82001,1,-1,-1,1,-1,10
" ""MonsterName10004"""," ""疯兔""",82002,4,-1,-1,1,-1,10
" ""MonsterName10014"""," ""秃鹰""",82003,8,-1,-1,1,-1,12
" ""MonsterName10044"""," ""吸血蝙蝠""",82004,17,-1,-1,1,-1,18
" ""MonsterName10016"""," ""沙漠幼狼""",82005,18,-1,-1,1,-1,18
" ""MonsterName10052"""," ""波波利""",82006,20,-1,-1,1,-1,21
" ""MonsterName10027"""," ""蜂兵""",82007,22,-1,-1,1,-1,21
" ""MonsterName10047"""," ""白鼠""",82008,23,-1,-1,1,-1,21
" ""MonsterName10063"""," ""毒魔菇""",82009,28,-1,-1,1,-1,25
" ""MonsterName10084"""," ""红蝙蝠""",82010,30,-1,-1,1,-1,29
" ""MonsterName10055"""," ""瓢虫""",82011,31,-1,-1,1,-1,29
" ""MonsterName10058"""," ""狸猫""",82012,32,-1,-1,1,-1,29
" ""MonsterName10060"""," ""溜溜猴""",82013,37,-1,-1,1,-1,33
" ""MonsterName10087"""," ""石斧海盗骷髅""",82014,38,-1,-1,1,-1,33
" ""MonsterName10148"""," ""短剑海盗骷髅""",82015,39,-1,-1,1,-1,33
" ""MonsterName10125"""," ""赤苍蝇""",82016,40,-1,-1,1,-1,9
" ""MonsterName10064"""," ""白幽灵""",82017,41,-1,-1,1,-1,37
" ""MonsterName10018"""," ""摩卡""",82018,42,-1,-1,1,-1,37
" ""MonsterName10017"""," ""大嘴鸟""",82019,43,-1,-1,1,-1,37
" ""MonsterName10020"""," ""毒蛇""",82020,45,-1,-1,1,-1,42
" ""MonsterName10150"""," ""雪熊""",82021,46,-1,-1,1,-1,42
" ""MonsterName10033"""," ""黑蛇""",82022,47,-1,-1,1,-1,42
" ""MonsterName10022"""," ""巨石怪""",82023,47,-1,-1,1,-1,42
" ""MonsterName10040"""," ""魔锅蛋""",82024,48,-1,-1,1,-1,42
" ""MonsterName10069"""," ""水母""",82025,53,-1,-1,1,-1,47
" ""MonsterName10098"""," ""邪骸弓箭手""",82026,53,-1,-1,1,-1,47
" ""MonsterName10103"""," ""蛇女伊丝""",82027,58,-1,-1,1,-1,52
" ""MonsterName10076"""," ""乌贼""",82028,60,-1,-1,1,-1,57
" ""MonsterName10075"""," ""人鱼""",82029,61,-1,-1,1,-1,57
" ""MonsterName10029"""," ""森灵""",82030,62,-1,-1,1,-1,57
" ""MonsterName10089"""," ""僵尸""",82031,66,-1,-1,1,-1,63
" ""MonsterName10090"""," ""妖道""",82032,67,-1,-1,1,-1,63
" ""MonsterName10041"""," ""土人""",82033,68,-1,-1,1,-1,63
" ""MonsterName10091"""," ""鬼女""",82034,69,-1,-1,1,-1,63
" ""MonsterName10092"""," ""九尾狐""",82035,70,-1,-1,1,-1,69
" ""MonsterName10037"""," ""转转蛋""",82036,70,-1,-1,1,-1,69
" ""MonsterName10111"""," ""链锤哥布灵""",82037,71,-1,-1,1,-1,17
" ""MonsterName10158"""," ""兽人婴儿""",82038,68,-1,-1,1,-1,-1
" ""MonsterName10128"""," ""刺锤犬妖""",82039,73,-1,-1,1,-1,17
" ""MonsterName10157"""," ""邪骸战士长""",82040,74,-1,-1,1,-1,69
" ""MonsterName10132"""," ""南瓜先生""",82041,74,-1,-1,1,-1,18
" ""MonsterName10129"""," ""榔头犬妖""",82042,76,-1,-1,1,-1,18
" ""MonsterName10112"""," ""大斧哥布灵""",82043,77,-1,-1,1,-1,18
" ""MonsterName10133"""," ""傀儡娃娃""",82044,78,-1,-1,1,-1,19
" ""MonsterName10155"""," ""巨大白幽灵""",82045,72,-1,-1,1,-1,75
" ""MonsterName10113"""," ""刺刀哥布灵""",82046,79,-1,-1,1,-1,19
" ""MonsterName10034"""," ""毕帝特地龙""",82047,79,-1,-1,1,-1,75
" ""MonsterName10151"""," ""小巴风特""",82048,80,-1,-1,1,-1,81
" ""MonsterName10035"""," ""毕帝特飞龙""",82049,80,-1,-1,1,-1,81
" ""MonsterName10032"""," ""狂暴野猫""",99999,40,-1,-1,20000,500,1000
" ""MonsterName20023"""," ""剑鱼""",10020023,95,-1,-1,2939469,1186,-1
" ""MonsterName10103"""," ""蛇女伊丝""",10020050,50,-1,-1,110059,237,-1
" ""MonsterName20001"""," ""邪骸海盗""",10022001,85,-1,-1,1606156,898,-1
" ""MonsterName20002"""," ""邪骸海盗队长""",10022002,85,-1,-1,3695714,1351,-1
" ""MonsterName20003"""," ""白幽灵""",10022003,85,-1,-1,1606156,898,-1
" ""MonsterName20004"""," ""巨大白幽灵""",10022004,46,-1,-1,48234,372,-1
" ""MonsterName20005"""," ""梅纳海葵""",10022005,85,-1,-1,1606156,898,-1
" ""MonsterName10164"""," ""恶灵""",10022006,44,-1,-1,50000,186,-1
" ""MonsterName20011"""," ""盗虫""",10022011,75,-1,-1,830591,332,-1
" ""MonsterName20012"""," ""黄金盗虫""",10022012,75,-1,-1,830591,332,-1
" ""MonsterName20013"""," ""白鼠""",10022013,75,-1,-1,830591,332,-1
" ""MonsterName20016"""," ""玛勒盗虫""",10022016,75,-1,-1,830591,332,-1
" ""MonsterName20018"""," ""玛勒盗虫""",10022018,75,-1,-1,830591,332,-1
" ""MonsterName20021"""," ""人鱼""",10022021,95,-1,-1,2939469,1186,-1
" ""MonsterName20022"""," ""人鱼士兵""",10022022,95,-1,-1,2939469,1186,-1
" ""MonsterName20023"""," ""剑鱼""",10022023,95,-1,-1,2939469,1186,-1
" ""MonsterName20024"""," ""异变鱼""",10022024,95,-1,-1,2939469,1186,-1
" ""MonsterName20025"""," ""人鱼士兵队长""",10022025,95,-1,-1,3695714,1351,-1
" ""MonsterName20013"""," ""白鼠""",10022031,75,-1,-1,830591,332,-1
" ""MonsterName20032"""," ""巨大白鼠""",10022032,75,-1,-1,1077550,923,-1
" ""MonsterName20011"""," ""盗虫""",10022033,75,-1,-1,830591,332,-1
" ""MonsterName20015"""," ""浮勒盗虫""",10022034,75,-1,-1,830591,332,-1
" ""MonsterName20035"""," ""巨大盗虫""",10022035,75,-1,-1,1077550,923,-1
" ""MonsterName20016"""," ""玛勒盗虫""",10022036,75,-1,-1,830591,332,-1
" ""MonsterName20037"""," ""巨大浮勒盗虫""",10022037,75,-1,-1,1077550,923,-1
" ""MonsterName20038"""," ""巨大玛勒盗虫""",10022038,75,-1,-1,1077550,923,-1
" ""MonsterName20014"""," ""魔菇""",10022039,75,-1,-1,830591,332,-1
" ""MonsterName20017"""," ""巨大魔菇""",10022040,75,-1,-1,1077550,923,-1
" ""MonsterName10153"""," ""狂暴木乃伊""",10022051,95,-1,-1,2939469,1186,-1
" ""MonsterName10100"""," ""木乃伊""",10022052,95,-1,-1,2939469,1186,-1
" ""MonsterName10101"""," ""毕莱特""",10022053,95,-1,-1,2939469,1186,-1
" ""MonsterName10099"""," ""黑狐""",10022054,95,-1,-1,2939469,1186,-1
" ""MonsterName10098"""," ""邪骸弓箭手""",10022055,95,-1,-1,2939469,1186,-1
" ""MonsterName10145"""," ""邪骸士兵""",10022056,95,-1,-1,2939469,1186,-1
" ""MonsterName10103"""," ""蛇女伊丝""",10022057,95,-1,-1,2939469,1186,-1
" ""MonsterName10104"""," ""米洛斯""",10022058,95,-1,-1,2939469,1186,-1
" ""MonsterName10103"""," ""蛇女伊丝""",10022070,95,-1,-1,2939469,1186,-1
No Name," ""安毕斯""",10022071,95,-1,-1,2939469,1186,-1
" ""MonsterName10033"""," ""黑蛇""",10022072,95,-1,-1,2939469,1186,-1
" ""MonsterName10073"""," ""气泡虫""",10022080,63,-1,-1,119211,225,36
" ""MonsterName10068"""," ""螃蟹""",10022081,57,-1,-1,79256,284,36
" ""MonsterName10102"""," ""绿腐尸""",10022202,85,-1,-1,1180034,1756,-1
" ""MonsterName10132"""," ""南瓜先生""",10022211,85,-1,-1,1335596,3000,-1
" ""MonsterName10190"""," ""瑞比欧""",10022223,-1,-1,-1,20541260,1536,-1
" ""MonsterName10171"""," ""米诺斯""",10022228,-1,-1,-1,25260345,1105,-1
" ""MonsterName10194"""," ""深渊骑士""",10022229,-1,795,-1,42074700,1732,-1
" ""MonsterName10195"""," ""血腥骑士""",10022230,-1,-1,-1,40000000,1312,-1
" ""MonsterName10154"""," """"",10001,90,0,0,15956891,0,0
